name,img,rating,review_count,short_desc,long_desc,coordinate,address,price,opening_times
Vietnam House Restaurant,https://ak-d.tripcdn.com/images/0105o12000khxndpu2F0E.jpg,4.8,8,,,"10.774962, 106.7040873","93-95-97 Dong Khoi, Ho Chi Minh City",70.0,Mon to Sun：_11:30-14:30 _17:30-21:30 
Bún Chả 145,https://ak-d.tripcdn.com/images/0105a12000fetjd8b926A.jpg,3.6,24,,,"10.7663698, 106.6918038","145 Bui Vien | Pham Ngu Lao Ward, District 1",6.0,Mon to Sat：_11:00-21:30 _Sun：_11:00-16:00 
Pho Mien Ga Ky Dong,https://ak-d.tripcdn.com/images/0102l12000d602ysv6A4F.png,4.7,6,,,"10.7839022, 106.6819786","5 14, Bis Ky Dong Street Ward 9, District 3, Ho Chi Minh City 70000 Vietnam",7.0,Mon to Sun：_05:30-22:30 
Jaspas Restaurant,https://ak-d.tripcdn.com/images/10060k000000caia2A5D9.jpg,0.0,0,,,"10.773607, 106.70559","33 Dong Khoi St, District 1, Ho Chi Minh City, Ho Chi Minh City 70000",20.0,Mon to Sun：_07:30-00:00 
94 Restaurant,https://ak-d.tripcdn.com/images/10030n000000eg1xuE827.jpg,4.5,10,,,"10.790264, 106.6977304","94 Dinh Tien Hoang, DaKao Ward, District 1",15.0,Mon to Sun：_06:00-21:00 
Cha Ca La Vong,https://ak-d.tripcdn.com/images/100a0g0000007q6oxCE5F.jpg,4.0,20,,,"10.778043, 106.68889","No 3-5 Ho Xuan Huong Street, Ward 6, District 3, Ho Chi Minh City 70000, Vietnam",9.0,Mon to Sun：_11:00-22:00 
Den Long - Home Cooked Vietnamese Restaurant,https://ak-d.tripcdn.com/images/100v12000000t11ep15DD.jpg,4.1,13,,,"10.7696967, 106.6907744","130 nguyen trai, District 1 ho chi minh city",11.0,Mon to Sun：_11:00-14:30 _17:00-22:00 
SORAE,https://ak-d.tripcdn.com/images/0106d12000d5zyz1x1210.jpg,4.6,13,,,"10.7720023, 106.7042935","Level 51, Bitexco Financial Tower, 2 Hai Trieu Street, Ben Nghe Ward, D1, HCMC, Ho Chi Minh City, Vietnam",104.0,Mon to Sun：_11:00-14:00 _17:00-23:00 
BEPMEIN 1 - LE THANH TON,https://ak-d.tripcdn.com/images/0103m12000bd2mraxD4A9.jpg,4.2,28,,,"10.7738567, 106.6980798","136/9 Đ. Lê Thánh Tôn, Phường Bến Thành, Quận 1, Hồ Chí Minh, Vietnam",8.0,Mon to Sun：_10:30-22:30 
Guanabana Smoothies,https://ak-d.tripcdn.com/images/100b0k000000cao7b543C.jpg,5.0,7,,,"10.7804245, 106.7035507","23 Ly Tu Trong, Quan 1, 23 Ly Tu Trong, District 1, Ho Chi Minh City 70000",7.0,Mon to Sun：_7:30-22:00 
Pho Quynh,https://ak-d.tripcdn.com/images/100s0n000000el6eaA3F6.jpg,4.3,49,An authentic Vietnamese noodle shop with a delicious and savory broth.,,"10.7674471, 106.690655","323 Pham Ngu Lao, Ho Chi Minh City, Vietnam",3.0,Mon to Sun：_pen all day 
Saigon Grill Restaurant,https://ak-d.tripcdn.com/images/0102l12000d601kxc99C2.jpg,4.6,13,Rooftop restaurant with views of local landmarks and delicious Vietnamese specialties,,"10.7769024, 106.6992778","91 Pasteur, Top Floor Terrace , Saigon Royal Building | Ben Nghe Ward, District 1, Ho Chi Minh City 700000, Vietnam",9.0,"Mon to Tues,Thur to Sun：_16:00-23:00 "
MOO BEEF STEAK PRIME,https://ak-d.tripcdn.com/images/0103x12000o8bv1v66723.jpg,4.8,11,"Famous popular restaurant known for high-quality, tender steaks",,"10.7732065, 106.7056656","35 Ngô Đức Kế, Phường Sài Gòn, Quận 1, Hồ Chí Minh, Vietnam",65.0,Mon to Thur：_10:30-14:00 _17:00-22:00 _Fri to Sun：_10:30-14:30 _17:00-22:00 
MAD House,https://ak-d.tripcdn.com/images/10050g0000007qe8063BF.jpg,3.0,6,,,"10.8053693, 106.7418423","6/1/2 Ngyuen U Di, Thao Dien, Quan 2, Hcmc, Ho Chi Minh City 700000, Vietnam",11.0,Mon to Sun：_08:00-22:00 
QUÁN BỤI - Original,https://ak-d.tripcdn.com/images/0105112000bd2jbssA2D8.jpg,4.8,13,"A renowned establishment with artistic flair, preparing healthy cuisine using traditional recipes",,"10.7813148, 106.7058729","19 Ngo Van Nam Ben Nghe Ward, 1, Ho Chi Minh City 700000 Vietnam",16.0,Mon to Sun：_07:00-23:00 
Bánh Mì Huynh Hoa,https://ak-d.tripcdn.com/images/0105v12000fetrx7g4097.jpg,4.3,55,Banh Mi (205 recommendations) | In business for over 30 years,,"10.7715364, 106.6923977","26 Đ. Lê Thị Riêng, Phường Phạm Ngũ Lão, Quận 1, Hồ Chí Minh, Vietnam",3.0,Mon to Sun：_06:00-22:00 
Dong Pho Restaurant,https://ak-d.tripcdn.com/images/0106312000d602i1t524C.png,0.0,0,,,"10.7763759, 106.6875177","57 Ho Xuan Huong Str, Dist 3, HCMC",13.0,Tues to Sun：_10:00-14:00 _17:00-21:00 
Ngon Restaurant,https://ak-d.tripcdn.com/images/0104212000khx0elfB6F5.jpg,4.6,126,Crispy Vietnamese pancakes (Recommended by 143 people) | Chinese-French-Vietnamese fusion style,,"10.7774178, 106.6996655","160 Pasteur, Ho Chi Minh City 7000 Vietnam",18.0,Mon to Sun：_07:00-22:30 
Annam Cafe Gourmet,https://ak-d.tripcdn.com/images/100c0g0000007qeyt4122.jpg,5.0,4,,,"10.776794, 106.70507","16-18 Hai Ba Trung St., Ben Nghe Ward.",9.0,Mon to Sun：_7:00-21:00 
AKUNA Restaurant,https://ak-d.tripcdn.com/images/0102212000jdroosj064D.jpg,5.0,5,A rooftop restaurant with spectacular night views and an incredibly satisfying signature burger,,"10.7799889, 106.7073396","Le Méridien Saigon, Level 9, 3C Đ. Tôn Đức Thắng, Bến Nghé, Quận 1, Thành phố Hồ Chí Minh 70000, Vietnam",204.0,"Mon,Sun：_Closed all day _Tues to Sat：_18:00-22:00 "
Barbecue Garden,https://ak-d.tripcdn.com/images/100i0k000000c9npuD836.jpg,4.5,6,,,"10.7688969, 106.6683485","448 Đường 3 Tháng 2, Phường 12, Quận 10, Thành phố Hồ Chí Minh",15.0,Mon to Sun：_09:00-23:00 
Mekong Merchant Saigon,https://ak-d.tripcdn.com/images/100a0k000000c9bh400F0.jpg,3.0,3,,,"10.8034332, 106.7375136","23 Thao Dien | District 2, Ho Chi Minh City",8.0,Mon to Sun：_07:00-23:00 
,https://ak-d.tripcdn.com/images/0103y12000j7o1k86FA75.jpg,5.0,7,"A signature local dish, the specialty clay pot beef noodle soup has a mellow and fragrant flavor.",,"10.7713744, 106.6961334","14 Phạm Hồng Thái, Phường Bến Thành, Quận 1, Thành phố Hồ Chí Minh",5.0,Mon to Sun：_06:00-03:00 
Chanh Bistro Rooftop Saigon,https://ak-d.tripcdn.com/images/100g0k000000cav92B688.jpg,3.0,10,Enjoy city views from the terrace and savor delicious Western cuisine,,"10.7727413, 106.6956617","43-45 ho Tung Mau, Ben Nghe, Quan 01, Ho Chi Minh City 00000",35.0,Mon to Sun：_10:30-23:00 
San Fu Lou Cantonese Kitchen,https://ak-d.tripcdn.com/images/0104o1200086ig47tF4F0.jpg,4.1,24,,,"10.7704659, 106.6942889","Ground Floor AB Tower, 76A Le Lai Street, District 1 Ho Chi Minh City, Vietnam 70",21.0,Mon to Sun：_7:00-2:30 
Pho Le,https://ak-d.tripcdn.com/images/0106q12000oext8phD09D.jpg,4.3,31,"Established in 1970, specializing in beef pho",,"10.7552959, 106.6735196","415 Nguyen Trai, Ho Chi Minh City 70000 Vietnam",3.0,Mon to Sun：_6:00-23:59 
Pho Hoa Pasteur,https://ak-d.tripcdn.com/images/10040n000000ei5414901.jpg,4.7,47,Traditional Vietnamese pho restaurant that has stood strong in the industry for decades with its distinctive flavors,,"10.7867054, 106.6892593","260C Pasteur, Phường 8, Quận 3, Thành phố Hồ Chí Minh",5.0,Mon to Sun：_06:00-22:30 
3G TROIS GOURMANDS,https://ak-d.tripcdn.com/images/0104p12000jcoe2vb3EF4.jpg,4.5,18,"Award-winning restaurant with world food honors, serving excellent French cuisine",,"10.8061141, 106.7406539","39 Tran Ngoc Dien Street, Thao Dien Ward, District 2, HCM City",99.0,Mon to Sun：_11:30-14:00 _17:30-23:00 
My Banh Mi,https://ak-d.tripcdn.com/images/100w0k000000cfwuz430D.jpg,3.7,22,A hidden gem of a bakery with a variety of sandwich flavors to choose from.,,"10.7792353, 106.7005046","57 Nguyen Du Street, Ben Nghe Ward, District 1, Ho Chi Minh City 70000",8.0,Mon to Sun：_9:30-19:30 
Mandarine Restaurant,https://ak-d.tripcdn.com/images/0101l12000jdqsrnu453D.jpg,4.3,18,A quaint and elegant Vietnamese restaurant that offers a variety of exciting live performances.,,"10.781083, 106.706074","11A Ngo Van Nam Street, Ben Nghe Ward, District 1, HCMC",62.0,Mon to Sun：_11:30-14:00 _17:30-22:00 
Le Jardin,https://ak-d.tripcdn.com/images/100k0g0000007q77k77EE.jpg,4.0,4,,,"10.7800089, 106.7033491","31 Thai Van Lung, Ben Nghe, District 1, Ho Chi Minh",25.0,Mon to Sun：_11:30-14:00 _18:00-21:00 
Anan Saigon,https://ak-d.tripcdn.com/images/0106q12000jdr819cB1A4.jpg,4.6,13,,,"10.771729, 106.702893","89 Ton That Dam, D1, HCMC",126.0,Mon：_Closed all day _Tues to Sun：_17:00-23:00 
The Workshop,https://ak-d.tripcdn.com/images/0105u12000knbv1l84CCA.jpg,4.3,12,,,"10.7734764, 106.7056037","27 Ngo Duc Ke, P. Ben Nghe, Q.1 (2nd floor), Ho Chi Minh City, Vietnam",6.0,Mon to Sun：_8:00-20:30 
La Fiesta,https://ak-d.tripcdn.com/images/0103t12000bd2jskg7605.jpg,4.0,10,,,"10.7738714, 106.6966781","128 Ly Tu Trong, Ben Thanh Ward, Quan 1, Ho Chi Minh City, Vietnam, 0000",14.0,Tues to Sun：_11:00-22:00 
Ciao Bella IL Primo,https://ak-d.tripcdn.com/images/0104212000bcu914y3474.jpg,5.3,14,,,"10.776279, 106.7050189","11 Dong Du Street District 1, Ho Chi Minh City Vietnam Vietnam",33.0,Mon to Fri：_11:00-22:00 _Sun：_17:00-22:00 
The View Rooftop Bar,https://ak-d.tripcdn.com/images/0105b12000h5x44f366A8.jpg,4.3,7,,,"10.7657195, 106.6910607","On the 9th floor of Duc Vuong Hotel, 195 Đ. Bùi Viện, Phường Phạm Ngũ Lão, Quận 1, Hồ Chí Minh 700000, Vietnam",12.0,Mon to Sun：_7:00-2:00 
Nha Tu Restaurant,https://ak-d.tripcdn.com/images/0101012000o23hkl967AB.jpg,5.0,3,,,"10.7751517, 106.6895494","129/4 Vo Van Tan Street, Vo Thi Sau Ward, District 3, Ho Chi Minh City",18.0,Mon to Sun：_10:00-22:30 
,https://ak-d.tripcdn.com/images/0105m12000km1clua302A.jpg,4.6,9,,,"10.7889047, 106.6907892","274 Hai Bà Trưng, Phường Tân Định, Quận 1, Thành phố Hồ Chí Minh, Vietnam",3.0,Mon to Sun：_7:00-23:00 
Nhà Hàng Tân Hải Vân,https://ak-d.tripcdn.com/images/0101j12000neld3893F1E.jpg,4.0,1,,,"10.7693245, 106.6903112","164 Nguyễn Trãi, Phường Phạm Ngũ Lão, Quận 1, Hồ Chí Minh",8.0,Mon to Sun：_pen all day 
HOME SAIGON,https://ak-d.tripcdn.com/images/100112000000t2wzl181C.jpg,4.7,4,,,"10.7831137, 106.6896044","216/4 Dien Bien Phu, Ward 4, District 3, Ho Chi Minh City",55.0,Mon to Sun：_11:00-22:00 
Maison Marou Flagship Saigon,https://ak-d.tripcdn.com/images/0103i12000oeym18e9211.jpg,4.3,9,,,"10.7695947, 106.6978034","167 – 169 CALMETTE ST, D1, HCMC",11.0,Mon to Thur：_09:00-22:00 _Fri to Sun：_09:00-22:30 
Ocean Palace,https://ak-d.tripcdn.com/images/0102a12000nelrcezF67B.jpg,4.5,7,,,"10.7873697, 106.7044803","2 Le Duan, Ben Nghe, District 1, Ho Chi Minh",16.0,Mon to Sun：_9:00-23:00 
Hoang Tam,https://ak-d.tripcdn.com/images/0105712000jbmjtso7FFE.jpg,4.6,7,"The restaurant's decor is quaint and unique, and it serves a wide variety of local dishes.",,"10.7573803, 106.6891377","TK22/1 Đ. Nguyễn Cảnh Chân, Cầu Kho, Quận 1, Thành phố Hồ Chí Minh, Vietnam",14.0,Mon to Sun：_10:00-22:00 
Bếp Cuốn Sài Gòn,https://ak-d.tripcdn.com/images/0101q12000khy1wfb4067.jpg,4.5,8,"Bright, elegant ambiance and renowned Vietnamese classics",,"10.82293, 106.62975","76 Võ Văn Tần, Phường Võ Thị Sáu, Quận 3, Ho Chi Minh City 70000 Vietnam",11.0,Mon to Sun：_10:30-21:00 
Lai,https://ak-d.tripcdn.com/images/0103s12000d5zxurk945F.jpg,4.7,6,"Quality Chinese cuisine cooked to perfection, with beautiful city views from the 28th floor",,"10.7728907, 106.7005597","28th Floor, Sedona Suite, 92-94 Nam Kỳ Khởi Nghĩa, Bến Nghé Ward, District 1, Ho Chi Minh City",41.0,Mon to Sun：_11:30-22:30 
Pizza 4P’s Le Thanh Ton,https://ak-d.tripcdn.com/images/0104h12000o200ou53A71.jpg,5.2,17,"Unique cave-style design, serving quality pizzas baked with carefully selected fresh ingredients",,"10.7818738, 106.7051397","8/15 Le Thanh Ton, Ben Nghe Ward, District 1, Ho Chi Minh City",17.0,Mon to Sun：_11:00-23:00 
Breeze Sky Bar,https://ak-d.tripcdn.com/images/0102912000chtttzw1936.jpg,4.8,6,An elegant retro bar with a terrace offering breathtaking views of the Saigon River.,,"10.7730436, 106.7062459","01 Dong Khoi Street, Ben Nghe Ward, District 1, Ho Chi Minh City, Vietnam, 008428",37.0,Mon to Sun：_pen all day 
Firkin Bar,https://ak-d.tripcdn.com/images/0104512000chtm5462D48.jpg,4.4,8,,,"10.7758456, 106.7049606","20 Mac Thi Buoi St., Ben Nghe W, District., Ho Chi Minh City, Ho Chi Minh City, Vietnam",12.0,Mon to Sun：_18:00-1:00 
Di Mai Restaurant - Vincom Landmark 81,https://ak-d.tripcdn.com/images/0102p12000jbnb7910672.jpg,5.0,2,,,"10.795032, 106.72191","772 Dien Bien Phu L02-03, Vincom Center Landmark 81, Binh Thanh District, Ho Chi Minh City 700000 Vietnam",14.0,Mon to Fri：_10:30-22:00 _Sat to Sun：_9:30-22:00 
Drinking & Healing,https://ak-d.tripcdn.com/images/0100a12000chu4j2m788C.jpg,4.8,6,,,"10.770513, 106.7044597","2nd Floor, 25 Ho Tung Mau St.,District 1 HCM City",20.0,Mon to Sun：_18:30-02:00 
Banh Canh Cua,https://ak-d.tripcdn.com/images/10090k000000cd7au0BCB.jpg,4.0,6,,,"10.794567, 106.69094","87 Tran Khac Chan, District 1, Ho Chi Minh City",1.0,Mon to Sun：_15:30-20:30 
Oc Oanh,https://ak-d.tripcdn.com/images/0101h12000jbmqb87A899.jpg,4.8,6,,,"10.760936, 106.7033","534 Vinh Khanh Ward 8, District 4, Ho Chi Minh City 70,000 Vietnam",16.0,Mon to Sun：_13:00-00:00 
Skewers Restaurant,https://ak-d.tripcdn.com/images/100s0n000000e8j0w3BD2.jpg,0.0,0,,,"10.7790176, 106.7046931","9A Thai Van Lung, Dist.1, HCMC",33.0,Mon to Sat：_11:30-14:00 _17:30-22:00 _Sun：_17:00-22:00 
Phở Kim Hưng,https://ak-d.tripcdn.com/images/0100n12000jfqtjw3B167.jpg,4.7,3,,,"10.7231888, 106.7098772","Chung Cư Mỹ Phúc, 78 Lý Long Tường, Tân Phong, Quận 7, Thành phố Hồ Chí Minh 700000, Vietnam",3.0,Mon to Sun：_6:00-22:00 
Social Club Rooftop Bar,https://ak-d.tripcdn.com/images/0103m12000chujd1o829A.jpg,5.0,7,,,"10.7823659, 106.6973005","76 - 78 Nguyen Thi Minh Khai, Dist.3, 70000 Ho Chi Minh City Vietnam",20.0,"Mon to Thur,Sun：_15:00-23:59 _Fri to Sat：_15:00-1:00 "
Pizza 4P's PMH,https://ak-d.tripcdn.com/images/0103k12000khxwvmt9B4A.jpg,4.3,10,,,"10.731796, 106.716736","Lot MD2, Nguyen Van Linh Boulevard, Tan Phu Ward, Dist. 7 | In front of Saigon South Golf Course. Two blocks behind the BMW dealership., Ho Chi Minh City 70000, Vietnam",22.0,Mon to Sun：_10:00-22:00 
Hoang Yen Vietnamese Cuisine - Ngo Duc Ke,https://ak-d.tripcdn.com/images/0100y12000d602h3y8D7A.png,5.0,4,,,"10.7740716, 106.7060276","7 Ngo Duc Ke Street, Dist. 1, Ho Chi Minh City Vietnam",11.0,Mon to Sun：_10:00-22:00 
The Iron Bank - Cocktail Vault,https://ak-d.tripcdn.com/images/0105412000chttz6a57EA.jpg,4.8,6,Medieval-style cocktail bar with an emphasis on mixology and atmosphere,,"10.770217, 106.703528","47 Ton That Dam, Ho Chi Minh City, Vietnam",7.0,Mon to Sun：_17:00-01:00 
"Hum, Garden & Restaurant",https://ak-d.tripcdn.com/images/0104y12000d6042a064F8.png,5.0,3,,,"10.804406, 106.74405","32, D10 Street Thao Dien Ward, District 2, Ho Chi Minh City Vietnam",15.0,Mon to Sun：_10:00-22:00 
Layla - Eatery & Bar,https://ak-d.tripcdn.com/images/0102412000chtlwv4E48D.jpg,4.9,7,"A sophisticated, artistic design with popular creative cocktails",,"10.7754096, 106.7041427","Second floor, 63 Đ. Đông Du, Bến Nghé, Quận 1, 700000, Vietnam",8.0,Mon to Thur：_16:00-1:00 _Fri to Sat：_16:00-2:00 _Sun：_13:00-1:00 
"THE VINTAGE EMPORIUM DA KAO, DISTRICT. 01",https://ak-d.tripcdn.com/images/0104q12000oezdljm4708.jpg,4.0,7,"Simple retro decor, brunch made with premium ingredients",,"10.7900984, 106.6992559","95B Nguyen Van Thu, Da Kao.",9.0,Mon to Sun：_7:00-21:00 
"EL GAUCHO | HAI BA TRUNG, D1 | HCMC",https://ak-d.tripcdn.com/images/0102g12000khxnvvt2653.jpg,4.0,6,A hugely popular classic restaurant serving high-quality American steaks,,"10.778066, 106.7036095","74/1 HAI BA TRUNG, BEN NGHE WARD, DIST. 1, HCMC",82.0,Mon to Sun：_11:00-23:00 
Wrap and Roll,https://ak-d.tripcdn.com/images/0106f12000d602lah352E.png,4.8,22,,,"10.7812738, 106.7006301","Tầng trệt M Plaza, 39 Đ. Lê Duẩn, Bến Nghé, Quận 1, Thành phố Hồ Chí Minh 700000",10.0,Mon to Sun：_10:00-22:30 
Big Bowl Pho,https://ak-d.tripcdn.com/images/1004hk133uym4dmjkE291.jpg,3.8,8,,,"10.817203, 106.663818","Tan Son Nhat International Airport International Terminal, 2d Floor, Ho Chi Minh City 70000 Vietnam",7.0,Mon to Sun：_pen all day 
Hun Khoi BBQ,https://ak-d.tripcdn.com/images/100f1g000001h5feg202B.jpg,4.0,2,,,"10.769688, 106.70292","13 Pasteur District 1, Ho Chi Minh City 70000 Vietnam",13.0,Mon to Sat：_11:00-23:00 _Sun：_16:00-23:00 
The Snap Cafe,https://ak-d.tripcdn.com/images/0104t1200085tfbkuBBEC.jpg,4.0,3,,,"10.8053893, 106.7408135","32 Tran Ngoc Dien Street | Thao Dien Ward, District 2, Ho Chi Minh City 70000, Vietnam",10.0,Mon to Sun：_7:30-22:00 
,https://ak-d.tripcdn.com/images/0105f12000km2e790305A.jpg,5.0,1,,,"10.7740939, 106.6971338","112 Lý Tự Trọng, Phường Bến Thành, Quận 1, Thành phố Hồ Chí Minh, Việt Nam",29.0,Mon to Sun：_11:00-14:00 _17:00-22:30 
pho Trang,https://ak-d.tripcdn.com/images/0100o120009hj1eag47A9.jpg,4.0,1,,,"10.8036495, 106.6851204","111 Phan Dang Luu, Ho Chi Minh City 84, Vietnam",3.0,Mon to Sun：_07:00-20:00 
Sushi Hokkaido Sachi,https://ak-d.tripcdn.com/images/100q060000001n6g22E0B.jpg,4.0,4,,,"10.7765188, 106.7048469","40-42 Dong du Street, Ben Nghe Ward, District 1 | B3-10A, Vincom Center, 70-72 le Thanh Ton Street, District 1, Ho Chi Minh City 70000, Vietnam",28.0,Mon to Sun：_10:30-23:00 
Chill Skybar & Dining,https://ak-d.tripcdn.com/images/0105w12000e57qh035777.jpg,5.0,10,,,"10.7705646, 106.6943776","Rooftop, Level 26, AB Tower, 76A Le Lai , District 1, HCMC, Vietnam",62.0,Mon to Sun：_17:30-1:30 
STIR - Modern Classic Cocktail,https://ak-d.tripcdn.com/images/0105t12000khwjrrb1B27.jpg,5.0,5,,,"10.7737341, 106.6980241",,16.0,Mon to Sun：_18:00-2:00 
Chidori - Coffee in Bed,https://ak-d.tripcdn.com/images/1me5512000jz9hfymD02A.jpg,4.0,2,,,"10.7993431, 106.6881959","6 Đường Hoa Cau, Phường 7, Phú Nhuận, Thành phố Hồ Chí Minh,",0,Mon to Sun：_8:00-23:00 
Cocotte,https://ak-d.tripcdn.com/images/0103x12000o5407k8AF5E.jpg,5.0,2,,,"10.7738063, 106.6980024","136/11 Le Thanh Ton Ben Thanh Ward, District 1 136/11 Le Thanh Ton Ben Thanh Ward, District 1, Ho Chi Minh City Vietnam",22.0,Mon to Sun：_10:00-23:00 
Tung Garden,https://ak-d.tripcdn.com/images/0101t1200082yw1v5606D.jpg,4.0,1,,,"10.7962656, 106.6731856","253 Nguyen Van Troi Street | Eastin Grand Hotel Saigon, Ho Chi Minh City 70000, Vietnam",28.0,Mon to Sun：_9:30-14:00 _17:30-21:30 
Katinat Saigon Kafe,https://ak-d.tripcdn.com/images/0106e12000km3dcxm3FD0.jpg,4.3,4,"Industrial style, historic views of buildings & streets",,"10.774671, 106.704369","91 Dong Khoi St. District 1, Ho Chi Minh City 70000 Vietnam",2.0,Mon to Sun：_7:00-22:30 
Summer Experiment,https://ak-d.tripcdn.com/images/0106i12000chtlzy587EC.jpg,4.7,8,An endless summer concept with exciting bartending shows,,"10.7745819, 106.698041",,10.0,"Mon to Thur,Sun：_16:00-01:00 _Fri to Sat：_16:00-02:00 "
The Oasis Saigon Pool & Restaurant,https://ak-d.tripcdn.com/images/100d1g000001h5mr06164.jpg,4.0,2,,,"10.7679141, 106.6941805","40 / 13-15-17-21 Bui Vien Street, District 1, Ho Chi Minh City 70,000 Vietnam",2.0,Mon to Sun：_06:00-23:00 
Pho Viet Nam,https://ak-d.tripcdn.com/images/1tx2o12000km2gr903A11.jpg,4.8,7,,,"10.788224, 106.68864","66 Tran Quoc Toan Ward 8, Dist. 3 | 163 Tran Nao Ward Binh An, Dist. 2, Ho Chi Minh City 700000, Vietnam",5.0,Mon to Sun：_06:00-13:00 _17:00-21:00 
Banh Mi 362,https://ak-d.tripcdn.com/images/0107312000o26b3f7F283.jpg,5.0,2,"An old restaurant founded in 1980, serving hearty and flavorful sandwiches",,"10.7268849, 106.7087971","S49, Pham Van Nghi Street, District 7 Sky Garden 2, Ho Chi Minh City 70,000 Vietnam",2.0,Mon to Sun：_6:30-20:30 
Cafe RuNam,https://ak-d.tripcdn.com/images/100g1e000001fuw3e20EF.jpg,4.0,1,,,"10.774314, 106.704094","96 Mac Thi Buoi Ben Nghe warrd, District 1, Ho Chi Minh City 700000 Vietnam",0,Mon to Sun：_07:00-23:00 
Thương Rooftop,https://ak-d.tripcdn.com/images/0104g12000d2jq9x28C63.jpg,5.0,1,,,"10.7568205, 106.7061347","258 Đ. Tôn Đản, Phường 8, Quận 4, Hồ Chí Minh, Vietnam",6.0,Mon to Sun：_16:30-0:30 
Shin Coffee,https://ak-d.tripcdn.com/images/100w16000000z6bd90C9B.jpg,5.0,3,,,"10.774375, 106.705208","18 Ho Huan Nghiep Street, Ben Nghe Ward, District 1, Ho Chi Minh City 70000 Vietnam",4.0,
Bistro Song Vie Saigon,https://ak-d.tripcdn.com/images/100e0g0000007q78eD23B.jpg,4.0,6,,,"10.8158496, 106.7339621","197/2 Nguyen Van Huong Street, Thao Dien Ward, District 2, HCMC",38.0,Mon to Sun：_6:30-23:00 
The Lounge,https://ak-d.tripcdn.com/images/1me0w12000i6dujldAFE4.jpg,0.0,2,,,"10.7757706, 106.7042346","Sheraton Saigon Hotel & Towers 88 Dong Khoi Street, District 1, Ho Chi Minh City 70000 Vietnam",0,Mon to Sun：_07:00-00:00 
Com Nieu Sai Gon,https://ak-d.tripcdn.com/images/100u0g0000007whk8192B.jpg,5.0,5,,,"10.7819787, 106.6879746","27 Tu Xuong | District 3, Ho Chi Minh City 700000, Vietnam",18.0,Mon to Sun：_6:00-22:30 
Little HaNoi Egg Coffee,https://ak-d.tripcdn.com/images/0101412000o22xvbkA07D.jpg,5.0,1,,,"10.7797001, 106.6864737","258/1 Điện Biên Phủ, p, Quận 3, Hồ Chí Minh 700000, Vietnam",6.0,Mon to Sun：_07:00-21:30 
Bánh mì Anh Phán,https://ak-d.tripcdn.com/images/1me0y12000ebpx1sa1630.jpg,0.0,1,,,"10.76618, 106.6893197","145 Đ. Cống Quỳnh, Phường Nguyễn Cư Trinh, Quận 1, Thành phố Hồ Chí Minh, Vietnam",0,Mon to Sun：_05:30-22:30 
Thiên Kim Bakery | Tiệm Bánh Cống Quỳnh | Bánh Kem Quận 1 | Bánh Kem Cống Quỳnh,https://ak-d.tripcdn.com/images/1me0y12000ebpx1sa1630.jpg,0.0,1,,,"10.7661135, 106.6894096","139 Đ. Cống Quỳnh, Phường Nguyễn Cư Trinh, Quận 1, Thành phố Hồ Chí Minh, Vietnam",0,Mon to Sun：_08:00-22:00 
Meraki cafe,https://ak-d.tripcdn.com/images/1me2t12000fvt44weCB91.jpg,0.0,1,,,"10.7740558, 106.7041078","Cafe Apartment, Chung Cư 42, Đ. Nguyễn Huệ, street, Quận 1, Thành phố Hồ Chí Minh 700000, Vietnam",0,Mon to Sun：_8:00-23:30 
Rabbit Hole,https://ak-d.tripcdn.com/images/0104n12000okhvjhv53BB.jpg,5.0,1,,,"10.7775742, 106.6975438","138 Nam Ki Khoi Nghia street, District 1, HCMC",30.0,Mon to Sun：_18:00-2:00 
SoSo Coffee,https://ak-d.tripcdn.com/images/0102k120009bgoxtx6378.jpg,4.0,1,,,"10.7891045, 106.7184216","90 Đ. Nguyễn Hữu Cảnh, Phường 22, Bình Thạnh, Thành phố Hồ Chí Minh,",0,Mon to Sun：_07:00-21:00 
POCPOC Garden,https://ak-d.tripcdn.com/images/0102u12000h5c29j98DC3.jpg,5.0,6,Known for its truly diverse music and live performances.,,"10.7810173, 106.6926803","79a Nguyễn Đình Chiểu, Phường 6, Quận 3, Hồ Chí Minh, Vietnam",25.0,Mon to Sun：_17:00-02:00 
Saigon Saigon Rooftop Bar,https://ak-d.tripcdn.com/images/100u0n000000ee9xq68AB.jpg,5.0,8,A stylish bar with an elegant ambiance and a terrace offering panoramic city views.,,"10.7761929, 106.7034271","19-23 Lam Son Square, Bến Nghé, Quận 1, Hồ Chí Minh, Vietnam",26.0,Mon to Sun：_16:30-1:00 
Bếp Ốc Sài Gòn,https://ak-d.tripcdn.com/images/0100112000o28po99ED28.jpg,5.0,1,"A lively food stall atmosphere, with seafood that stands out for its freshness",,"10.7782443, 106.7036552","74/7 Hai Bà Trưng, Bến Nghé, Quận 1, Thành phố Hồ Chí Minh 71000, Vietnam",20.0,Mon to Sun：_11:00-22:00 
,https://ak-d.tripcdn.com/images/0101412000etuugmr7E30.jpg,0.0,1,,,"10.769578, 106.7015457","37 Đ. Nam Kỳ Khởi Nghĩa, Phường Nguyễn Thái Bình, Quận 1, Thành phố Hồ Chí Minh 700000, Việt Nam",0,Mon to Sun：_10:00-22:00 
Restaurant Ho Chi Minh (Saigon) - Duong Restaurant Ho Chi Minh,https://ak-d.tripcdn.com/images/100l12000000sq63y47A1.jpg,4.7,3,,,"10.776003, 106.704881","27 Dong Du Street,District 1,Ho Chi Minh",40.0,Mon to Sun：_10:00-22:00 
The Old Compass Cafe and Bar,https://ak-d.tripcdn.com/images/100l12000000sq5fn1F81.jpg,0.0,0,,,"10.7748976, 106.7005786","3rd Floor, 63/11 Pasteur, Ben Nghe Ward, District 1, HCMC",13.0,"Mon to Thur,Sun：_9:00-21:00 _Fri to Sat：_9:00-22:00 "
B3 - Steakhouse & Craft beer,https://ak-d.tripcdn.com/images/0103g12000bcuz75r4981.jpg,4.0,1,,,"10.7731502, 106.7050776","Level 1, 14 Nguyen Hue, Ben Nghe Ward, District 1, Ho Chi Minh City, Vietnam",24.0,Mon to Sun：_15:00-23:00 
Mien Dong Thao Coffee,https://ak-d.tripcdn.com/images/100h1c000001dbznfE840.jpg,0.0,0,,,"10.7975395, 106.6751783","221A Nguyen Trong Tuyen, P. 8 Q. Phu Nhuan, Ho Chi Minh City 70000 Vietnam",4.0,Mon to Fri：_7:00-22:30 _Sat：_6:00-23:00 _Sun：_7:00-23:00 
McDonald's,https://ak-d.tripcdn.com/images/1003hk114wstq34s094CE.jpg,5.0,3,,,"10.7731883, 106.7009194","2-6 BIs Dien Bien Phu | Phuong Da Kao, Quan 1, Ho Chi Minh City, Vietnam",4.0,Mon to Thur：_09:30-21:30 _Fri to Sun：_09:30-22:00 
Banh Xeo 46A,https://ak-d.tripcdn.com/images/10050g0000007qe6o123B.jpg,3.5,14,,,"10.7895674, 106.6913428","46A D Dinh Cong Trang | District 3, Ho Chi Minh City",13.0,Mon to Sun：_10:00-14:00 _16:00-21:00 
Quince Saigon,https://ak-d.tripcdn.com/images/0104y12000kmxp65e73D6.jpg,5.0,1,,,"10.766199, 106.6992167","37bis Đ. Ký Con, Phường Nguyễn Thái Bình, Quận 1, Thành phố Hồ Chí Minh, Vietnam",105.0,Mon to Sun：_17:30-22:30 
SHODAY,https://ak-d.tripcdn.com/images/0102l12000myu7mwz466E.jpg,5.0,1,,,"10.780904, 106.706305","3A1 Ngô Văn Năm, Bến Nghé, Quận 1, Thành phố Hồ Chí Minh 71006, Vietnam",6.0,Mon to Sun：_11:00-23:30 
Godmother Bake & Brunch,https://ak-d.tripcdn.com/images/010411200089y968x3719.jpg,4.0,3,,,"10.7733507, 106.6996511","70B Đ. Lê Lợi, Phường Bến Thành, Quận 1, Hồ Chí Minh, Việt Nam",0,Mon to Fri：_8:00-21:00 _Sat to Sun：_8:00-22:00 
The Gangs,https://nephele.trip.com/target/1me2v12000ohkodb4F01E.jpg,0.0,1,,,"10.7798722, 106.6799389","131 Nguyen Phuc Nguyen | Ward 10, Dist.3, Ho Chi Minh City 700000, Vietnam",0,Mon to Sun：_11:00-00:00 
Pho Dau,https://ak-d.tripcdn.com/images/0102e12000jfq079mE822.jpg,5.0,6,"Founded in 1958, smooth pho carries the soul of Vietnamese cuisine.",,"10.78233, 106.69205","288 / M1 Nam Ky Khoi Nghia | Ward 8, District 3, Ho Chi Minh City 700000, Vietnam",3.0,Mon to Sun：_05:00-13:00 
Marcel Gourmet Burger,https://ak-d.tripcdn.com/images/100b12000000ssdog62CB.jpg,5.0,1,,,"10.7686388, 106.6986223","132 Calmette, D1 Saigon, Vietnam",9.0,Mon to Sun：_11:00-22:00 
Au Pagolac,https://ak-d.tripcdn.com/images/100d0u000000iuh45C936.jpg,0.0,0,,,"10.753157, 106.6724","978 Tran Hung Dao, Ward 7, District 5, Ho Chi Minh City 700000, Vietnam",9.0,Mon to Sun：_10:00-22:00 
The Lunch Lady (Nguyen Thi Thanh),https://ak-d.tripcdn.com/images/100s0g0000007q7sgC406.jpg,0.0,8,,,"10.7917441, 106.7044226","23 Hoang Sa St., District 1 | Phuong Da Kao, District 1, Ho Chi Minh City 70000, Vietnam",4.0,Mon to Sat：_10:30-15:30 
La Plancha,https://ak-d.tripcdn.com/images/100b0g0000007q89h7D25.jpg,0.0,0,,,"10.8049945, 106.739891","25 Tran Ngoc Dien, Thao Dien, Q2, Ho Chi Minh City, Vietnam",19.0,Mon to Sun：_11:00-23:00 
Kohaku UDON & RAMEN - Phan Xích Long,https://ak-d.tripcdn.com/images/0106e12000o05s4yc54CC.jpg,5.0,1,,,"10.7979478, 106.6896024","246 Phan Xích Long, Phường 7, Phú Nhuận, Thành phố Hồ Chí Minh, Vietnam",6.0,Mon to Sun：_9:00-22:00 
Brix Wine Bar & Kitchen,https://ak-d.tripcdn.com/images/100t0o000000f6fia6A03.jpg,0.0,0,,,"10.771305, 106.702489","42 Pasteur Ben Nghe Ward, District 1, Ho Chi Minh City 700000 Vietnam",12.0,Mon to Sun：_13:00-01:00 
Quan Thuy,https://ak-d.tripcdn.com/images/100o050000000s28bAD41.jpg,0.0,2,,,"10.79018, 106.69773","84 Dinh Tien Hoang St., Dist.1, Ho Chi Minh City, Vietnam",14.0,Mon to Sun：_09:00-23:00 
The Alley Cocktail Bar & Kitchen,https://ak-d.tripcdn.com/images/0102a12000chu4ftz3A25.jpg,5.0,1,,,"10.7748762, 106.700202","63/8 Pasteur Street, Ho Chi Minh City, Vietnam",14.0,Mon to Wed：_17:00-23:59 _Thur：_17:00-1:00 
Urbane Lounge,https://ak-d.tripcdn.com/images/10070n000000efyd35453.jpg,0.0,0,,,"10.7641994, 106.6918067","148 Tran Hung Dao Blvd District 1, inside Pullman Hotel, Ho Chi Minh City Vietnam",6.0,Mon to Sun：_06:00-22:00 
DB Restaurant,https://ak-d.tripcdn.com/images/10010n000000er9l7F87E.jpg,0.0,0,,,"10.7653618, 106.6898929","117 Cong Quynh, Nguyen Cu Trinh Ward, District 1, Ho Chi Minh City 700000 Vietnam",7.0,Mon to Sun：_06:30-23:00 
After Tapas & Wine Restaurant,https://ak-d.tripcdn.com/images/100j0g0000007pp3744D9.jpg,0.0,0,,,"10.78143, 106.7060842","28B Ngo Van Nam District 1, Ho Chi Minh City 700000 Vietnam",8.0,Mon to Sun：_11:00-23:30 
Bamboo Sushi Restaurant,https://ak-d.tripcdn.com/images/10060o000000f6ub0123C.jpg,0.0,0,,,"10.7970791, 106.6871672","104 Cu Lao Street Ward 2, Phu Nhuan District, Ho Chi Minh City 70000 Vietnam",4.0,Mon to Sun：_10:00-22:00 
'NAMO Italian Restaurant,https://ak-d.tripcdn.com/images/100u0g0000007pye577DC.jpg,0.0,0,,,"10.777925, 106.7037849","74/6 Hai Ba Trung, Ho Chi Minh City 700000, Vietnam",21.0,Mon to Tues：_11:00-22:00 _Wed to Sun：_11:00-23:00 
Ben Nay Restaurant,https://ak-d.tripcdn.com/images/100c060000001n6t95792.jpg,0.0,0,,,"11.0133843, 106.5646575","07 Phu Thuan Phu Hoa Dong, Cu Chi, Ho Chi Minh City 700000 Vietnam",0,Mon to Sun：_8:00-15:30 
SaigonSteak123 Steakhouse,https://ak-d.tripcdn.com/images/fd/tg/g5/M04/C5/92/CggYsVc6vR2AIzWwAAGRtHomXos471.jpg,0.0,0,,,"10.772373, 106.6996464","No123 Le Loi street, Ben Thanh ward, district 1 HCMC Ben Thanh market, Ho Chi Minh City 70000 Vietnam",245.0,Mon to Sun：_10:00-23:00 
The Tavern PMH,https://ak-d.tripcdn.com/images/100u060000001n6crD078.jpg,5.0,8,,,"10.7327436, 106.7086255","R2-24 Hung Gia 3, Bui Bang Doan Street Phu My Hung, Ho Chi Minh City 700000 Vietnam",0,Mon to Thur：_11:00-23:59 _Fri：_11:00-2:00 _Sat：_8:30-2:00 _Sun：_8:30-23:59 
Bibi At Alibi,https://ak-d.tripcdn.com/images/100g0g0000007q5tv99E8.jpg,0.0,0,,,"10.7776353, 106.7044058","5A nguyen sieu st. | district 1, Ho Chi Minh City, Vietnam",10.0,Mon to Sun：_11:30-14:00 
OMG!,https://ak-d.tripcdn.com/images/100e1g000001h9tff81AC.jpg,4.0,2,,,"10.772017, 106.69743","15-17-19 Nguyen An Ninh Street, District 1, Ho Chi Minh City 70,000 Vietnam",28.0,Mon to Sun：_17:00-01:00 
Pho Anh,https://ak-d.tripcdn.com/images/010691200082wah5kDE1A.jpg,4.0,3,,,"10.7844559, 106.6828148","8-10A Ky Dong, W.9, District 3, Ho Chi Minh City 70000 Vietnam",2.0,Mon to Sun：_6:00-22:00 
Gotcha,https://ak-d.tripcdn.com/images/1007050000000qmke9F16.jpg,0.0,0,,,"10.766069, 106.69113","25 Bui Vien | Ward Pham Ngu Lao, Dist. 1, Ho Chi Minh City 700000, Vietnam",3.0,Mon to Sun：_00:00-23:59 
City Garden,https://ak-d.tripcdn.com/images/100p060000001lzvvE32B.jpg,0.0,0,,,"10.7770582, 106.7047483","38 Hai Ba Trung, Phuong Ben Nghe, Quan 1, Ho Chi Minh City Vietnam",10.0,Mon to Sun：_07:00-23:00 
,https://ak-d.tripcdn.com/images/0103s120009piwtvsD02F.jpg,4.0,1,,,"10.797994, 106.6886441","163 Phan Xích Long, Phường 2, Phú Nhuận, Thành phố Hồ Chí Minh 700000, Việt Nam",0,Mon to Sun：_10:30-22:15 
Nhat Cua Singapore Chili,https://ak-d.tripcdn.com/images/0103412000960yv221A40.jpg,4.0,1,,,"10.755854, 106.682089","476A Tran Hung Dao Ward 2, District 5, Ho Chi Minh City 700000 Vietnam",22.0,Mon to Sun：_11:00-23:00 
NEX Restaurant & Cafe,https://ak-d.tripcdn.com/images//100e15000000xui3f0182.jpg,4.0,1,,,"10.793909, 106.689586","49 Tran Nhat Duat Tan Đinh, District 1, Ho Chi Minh City 700000 Vietnam",0,
RIVIA Food & Dining,https://ak-d.tripcdn.com/images/0101g12000bd2qxsxB1A2.jpg,4.0,4,,,"10.7649668, 106.6920109","18 Nguyễn Cư Trinh, Phường Phạm Ngũ Lão, Quận 1, Ho Chi Minh City, Vietnam",24.0,Mon to Sat：_10:00-22:00 _Sun：_11:00-22:00 
Bo Kho 5 sao,https://ak-d.tripcdn.com/images/010621200089yb2n3143F.jpg,4.0,1,,,"10.763964, 106.69052","81 Nguyen Cu Trinh Nguyen Cu Trinh Ward, District 1, Ho Chi Minh City Vietnam",1.0,
The Bawa's Grill,https://ak-d.tripcdn.com/images/100d0o000000f5bsb0997.jpg,0.0,0,,,"10.794217, 106.680507","72/3b Huynh Van Banh street | ward 15, Phu Nhuan district, Ho Chi Minh City 700000, Vietnam",26.0,Mon to Sun：_11:30-21:45 
Poke Saigon,https://ak-d.tripcdn.com/images/0105p12000bd2pwjz4ED1.jpg,5.0,3,,,"10.7741028, 106.7040883","42/25 Nguyen Hue Street 2nd Floor, Ho Chi Minh City Vietnam",9.0,Mon to Sun：_10:00-21:00 
Pizza 4P’s Ben Thanh,https://ak-d.tripcdn.com/images/0100412000bd2pglo3F5F.jpg,4.0,3,,,"10.773361, 106.6976173","8 Thu Khoa Huan, Ben Thanh Ward, District 1, Ho Chi Minh City",14.0,Mon to Sat：_11:00-23:59 _Sun：_11:00-23:00 
Bosgaurus Coffee Roasters,https://ak-d.tripcdn.com/images/100e0n000000e35762A4B.jpg,0.0,0,,,"10.7889116, 106.7206306","92 Nguyen Huu Canh | Villa 1D5, Sai Gon Pearl, Binh Thanh District, Ho Chi Minh City 70000, Vietnam",5.0,Mon to Fri：_7:30-18:00 _Sat to Sun：_7:30-21:00 
Oliver's Pizza,https://ak-d.tripcdn.com/images/100o0g0000007p9x84F54.jpg,0.0,0,,,"10.7903656, 106.7117273","80/5 Mac Dinh Chi | Dakao, District 1, Ho Chi Minh City 70000, Vietnam",13.0,Mon to Sun：_11:00-23:59 
Sancho Cantina,https://ak-d.tripcdn.com/images/100g0n000000eewfv3050.jpg,0.0,0,,,"10.765583, 106.690605","207 Bui Vien, Ho Chi Minh City 700000 Vietnam",8.0,Mon to Sun：_17:00-02:00 
Latest Recipe,https://ak-d.tripcdn.com/images/0100712000b1tgopn5E43.jpg,0.0,0,,,"10.779917, 106.70737","3C Ton Duc Thang Street | Ben Nghe Ward, District 1, Ho Chi Minh City 70000, Vietnam",52.0,Mon to Sun：_06:00-22:00 
BBQ Saigon Night,https://ak-d.tripcdn.com/images/100h0q000000g40nrE5F8.jpg,5.0,3,,,"10.766493, 106.691686","198/4 Bui Vien, Dist. 1, Ho Chi Minh City 70000, Vietnam",3.0,Mon to Sun：_18:00-04:00 
Villa Royale Antiques and Tearoom,https://ak-d.tripcdn.com/images/10031g000001haaqm437C.jpg,4.0,2,,,"10.8028905, 106.7385625","3 Tran Ngoc Dien Thao Dien D2, Ho Chi Minh City 70000 Vietnam",6.0,Tues to Sun：_10:00-17:00 
Restaurant Le Bourgeois,https://ak-d.tripcdn.com/images/0103n12000d5zznkt07B4.png,0.0,0,,,"10.7766861, 106.7025666","132-134 Dong Khoi St, Ben Nghe Ward, District 1, Ho Chi Minh City 70,000 Vietnam",24.0,Mon to Sun：_06:30-22:30 
The Square,https://ak-d.tripcdn.com/images/100f060000001n5utE1F4.jpg,0.0,5,,,"10.784359, 106.695886","Novotel Saigon Centre, 167 Hai Ba Trung, District 1 | Novotel Saigon Centre, District 3, Ho Chi Minh City, Vietnam",23.0,Mon to Sun：_06:00-22:00 
X-Pose Beer Club,https://ak-d.tripcdn.com/images/0103t12000chudm6317B5.jpg,5.0,1,,,"10.7382125, 106.6269505","97 Đ. Lý Chiêu Hoàng, Phường 10, Quận 6, Thành phố Hồ Chí Minh, Vietnam",9.0,Mon to Sun：_17:00-23:30 
Telephone bar,https://ak-d.tripcdn.com/images/0105u12000jg3325uE897.jpg,4.8,5,,,"10.7708772, 106.6916325","41 Nguyễn Văn Tráng, Phường Phạm Ngũ Lão, Quận 1, Thành phố Hồ Chí Minh, Vietnam",17.0,Mon to Sun：_18:00-2:00 
Pizza 4P's Thiso Mall,https://ak-d.tripcdn.com/images/1zn3j224x8xggz4ko2E12.jpg,5.0,2,,,"10.7724565, 106.7220011","10 Đ. Mai Chí Thọ, Thủ Thiêm, Quận 2, Thành phố Hồ Chí Minh, Vietnam",0,Mon to Sun：_10:00-22:00 
FLATTO COFFEE and LOUNGE,https://ak-d.tripcdn.com/images/01043120009hj1vk01F70.jpg,4.0,1,,,"10.7243771, 106.7095367","145 Đ. số 10, Tân Phong, Quận 7, Thành phố Hồ Chí Minh 70000",0,Mon：_Closed all day _Tues to Sun：_07:00-15:00 _17:00-00:00 
Haidilao,https://ak-d.tripcdn.com/images/01017120005c5qzjt93F4.jpg,4.0,2,,,"10.771733, 106.70468",,0,Mon to Sun：_10:00-4:00 
IL CORDA Charcoal Steakhouse,https://ak-d.tripcdn.com/images/0105q120009dvpbm6F64D.jpg,4.0,2,,,"10.7814616, 106.7057042","11 Đ. Lê Thánh Tôn, Bến Nghé, Quận 1, Thành phố Hồ Chí Minh, Việt Nam",0,Mon to Sun：_11:00-14:30 _17:00-23:00 
Paris Bistro,https://ak-d.tripcdn.com/images/100b0o000000f91izC805.jpg,0.0,0,,,"10.7850234, 106.6998908","20 Nguyen Thi Minh Khai | Dist. 1, Ho Chi Minh City 700000, Vietnam",15.0,Mon to Sun：_09:00-22:00 
Latra,https://ak-d.tripcdn.com/images/10060o000000f7bl80FC3.jpg,0.0,0,,,"10.77013, 106.6888947","157 Le Thi Rieng | Dist. 1, Ho Chi Minh City, Vietnam",3.0,Mon to Sun：_08:00-22:00 
Aloha,https://ak-d.tripcdn.com/images/100s0o000000fdkvr6B07.jpg,0.0,0,,,"10.774718, 106.703963","88 Mac Thi Buoi Q1 HCM, Ho Chi Minh City Vietnam",16.0,Mon to Sun：_11:00-19:00 
Ran Bien 5 Restaurant,https://ak-d.tripcdn.com/images/100t0n000000e0cgg93D5.jpg,0.0,0,,,"10.7869122, 106.6867344","193-195 Nam Ky Khoi Nghia Ward 7, Ho Chi Minh City Vietnam",75.0,Mon to Sun：_10:00-23:00 
Saigon Craft Bar And Grill,https://ak-d.tripcdn.com/images/10080n000000eeif40693.jpg,0.0,0,,,"10.7231977, 106.7098417","68 Ly Long Tuong St My Phuc Apartment Building Phu My Hung District 7, Ho Chi Minh City Vietnam",14.0,Mon to Sun：_15:30-1:00 
Cafe Vy,https://ak-d.tripcdn.com/images/100b14000000wz5821529.jpg,5.0,2,,,"10.7716122, 106.6955211","278 Le Thanh Ton, Ben Thanh Ward, District 1, Ho Chi Minh City 70,000 Vietnam",0,Mon to Sun：_pen all day 
Miya Sushi BBQ Restaurant,https://ak-d.tripcdn.com/images/100j0o000000f632oE42F.jpg,0.0,0,,,"10.7700939, 106.6901159","150/26 Nguyen Trai, Quan 1, TP HCM, Ho Chi Minh City 700000 Vietnam",8.0,Mon to Sun：_10:30-14:00 _17:00-21:30 
Parivar Indian Cuisine,https://ak-d.tripcdn.com/images/100m0g0000007pc472D6B.jpg,0.0,0,,,"10.7775455, 106.7043717","5A Nguyen Sieu Street, Ben Nghe Ward, District 1 Near Mai Linh Taxi Office, Ho Chi Minh City 700000 Vietnam",6.0,Mon to Sun：_10:00-23:00 
Here & Now Vegetarian (Open kitchen & chill),https://ak-d.tripcdn.com/images/100e0g0000007pg9o3848.jpg,0.0,0,,,"10.798405, 106.673836","89E Nguyen Cong Hoan | Ward 7, Phu Nhuan District, Ho Chi Minh City 700000, Vietnam",5.0,Mon to Sun：_10:00-14:00 _17:00-22:00 
Malt Saigon Bar,https://ak-d.tripcdn.com/images/0ww5612000b61s8ls46DE.jpg,0.0,0,,,"10.7754101, 106.7047114","46-48 Mac Thi Buoi, District 1, Ho Chi Minh City 70,000 Vietnam",5.0,Mon to Sun：_15:00-23:59 
Burger King Grand Hotel Restaurant,https://ak-d.tripcdn.com/images/100d0n000000ebcnt2D91.jpg,0.0,0,,,"10.774103, 106.70574","8 Đong Khoi Street, Ben Nghe Ward, District 1 | Inside Grand Hotel, Ho Chi Minh City, Vietnam",4.0,Mon to Sun：_09:00-22:00 
Burger King,https://ak-d.tripcdn.com/images/10060g0000007pf1oF708.jpg,0.0,0,,,"10.76633, 106.69167","141 Bui Vien Pham Ngu Lao, District 1, Ho Chi Minh City Vietnam",3.0,Mon to Sun：_9:00-23:00 
Sahara Beer Club & VIP Lounge,https://ak-d.tripcdn.com/images/1007hk12492mf13w09718.jpg,0.0,0,,,"10.766499, 106.69223","113 Bui Vien Street, District 1 Pham Ngu Lao ward, District 1, Ho Chi Minh City 700000 Vietnam",12.0,Mon to Sun：_00:00-23:59 
Nabe King,https://ak-d.tripcdn.com/images/100l0n000000eehdm1083.jpg,0.0,0,,,"10.932878, 106.71185","01 Binh Duong Boulevard, Binh Giao, Thuan Giao Ward, Thuan An Town Lot E, Second Floor, Aeon Mall Canary, Ho Chi Minh City 700000 Vietnam",9.0,Mon to Sun：_10:00-22:00 
GreenS,https://ak-d.tripcdn.com/images/10060g0000007ptt6766A.jpg,0.0,0,,,"10.77828, 106.69376","18A / 100 Nguyen Thi Minh Khai District 1, Ho Chi Minh City 700000 Vietnam",5.0,Mon to Sun：_09:00-14:30 _17:00-22:00 
Ember,https://ak-d.tripcdn.com/images/100f1d000001e9nv8A000.jpg,4.0,1,,,"10.773077, 106.70127","65 Le Loi 1st Floor, Saigon Centre Building, Ben Nghe Ward, District 1, Ho Chi Minh City 700000 Vietnam",12.0,Mon to Sun：_07:45-22:30 
Dau Homemade,https://ak-d.tripcdn.com/images/1mh0d224x8uk9ftfy20EA.jpg,5.0,1,,,"10.81335, 106.66606","So 6 Hong Ha | Ward 2, Tan Binh District, Ho Chi Minh City 700, Vietnam",3.0,Mon to Sun：_10:00-22:00 
Spice Bistro,https://ak-d.tripcdn.com/images//100915000000xgoyg9352.jpg,4.0,1,,,"10.776886, 106.70608","2 Thi Sach Street | District 1, Ho Chi Minh City 700000, Vietnam",12.0,Mon to Sat：_10:00-18:00 
Sinh to 142,https://ak-d.tripcdn.com/images/100o0n000000ec5wj2E5F.jpg,0.0,0,,,"10.7871151, 106.6846528","142 Ly Chinh Thang St., Dist. 3, Ho Chi Minh City, Ho Chi Minh City, Vietnam",0,Mon to Sun：_8:00-22:00 
Mon Viet,https://ak-d.tripcdn.com/images/100h050000000xpdeC380.jpg,0.0,0,,,"10.773333, 106.69806","148 Le Thanh Ton | District 1, Ho Chi Minh City, Vietnam",4.0,Mon to Sun：_10:00-23:00 
Paceycupcakes,https://ak-d.tripcdn.com/images/01028120008crsuy900BB.jpg,4.5,3,,,"10.77995, 106.700951","53g Nguyen Du street, Ben Nghe ward, district 1, Ho Chi Minh City 084 Vietnam",0,
Lodge Bui Restaurant -Live Music,https://ak-d.tripcdn.com/images/100h0o000000f7uroFF92.jpg,0.0,0,,,"10.78399, 106.69442","39/2 Pham Ngoc Thach Street Ward 6-Dist. 3, Ho Chi Minh City 084 Vietnam",26.0,Mon to Sun：_07:00-23:00 
Nha hang an ngon Loc Phat,https://ak-d.tripcdn.com/images/1me5q12000gmfe47361BD.jpg,0.0,1,,,"10.78806, 106.68859","68B Tran Quoc Toan.Q3, Ho Chi Minh City 70000 Vietnam",0,
Hoang Yen Buffet,https://ak-d.tripcdn.com/images/1001060000001n6uw68FB.jpg,0.0,0,,,"10.78867, 106.709656","Me Linh Point Tower 1st floor, 02 Ngo Duc Ke, D1, Ho Chi Minh City 70000 Vietnam",11.0,Mon to Sun：_10:00-22:00 
Binh An Village Saigon,https://ak-d.tripcdn.com/images/100l060000001n6s9BAC1.jpg,0.0,0,,,"10.817619, 106.721344","1163 Binh Quoi Street, Ho Chi Minh City 70000 Vietnam",21.0,Mon to Sun：_10:00-22:00 
Bonjour Resto' Nguyen Trai,https://ak-d.tripcdn.com/images/1007060000001n6o904AC.jpg,0.0,0,,,"10.77023, 106.68979","150/18 Nguyen Trai, Quan 1, Ho Chi Minh City 70000, Vietnam",5.0,Mon to Sun：_09:00-22:00 
El Sol Meat & Wine,https://ak-d.tripcdn.com/images/100s060000001n6vn6E24.jpg,0.0,0,,,"10.787699, 106.691246","140 Vo Thi Sau st 140/2 District 3, Ho Chi Minh City 700000 Vietnam",26.0,Mon to Sun：_11:00-22:30 
Blanc. Restaurant Saigon,https://ak-d.tripcdn.com/images/0100212000bcv927q50B9.jpg,5.0,11,,,"10.7865182, 106.6947055",Lane 178/180D Hai Ba Trung .Dakao . District 1 .HCMC. Vietnam,29.0,Mon：_Closed all day _Tues to Sun：_17:30-23:00 
Baoz Dimsum,https://ak-d.tripcdn.com/images/100g060000001n6th35EC.jpg,3.5,6,,,"10.7531011, 106.6696548","86-88 Nguyen Tri Phuong Street | Ward 7, District 5, Ho Chi Minh City, Vietnam",11.0,Mon to Sun：_6:30-22:30 
Steak Deli Steakontherock & Cafe,https://ak-d.tripcdn.com/images/100h060000001n6uoB2B1.jpg,3.0,5,,,"10.771763, 106.69316","6/1 Cach Mang Thang 8 Ben Thanh Ward, District 1, Ho Chi Minh City 700000 Vietnam",8.0,Mon to Sun：_07:00-22:30 
Qua Ngon Restaurant,https://ak-d.tripcdn.com/images/1i61p2224sd82u7ow91FB.jpg,0.0,7,,,"10.7968835, 106.6652361","308 306, Le Van Sy Street Ward 1, District Tan Binh, Ho Chi Minh City 700000 Vietnam",28.0,Mon to Sun：_09:00-23:00 
C.ON Global Food Factory,https://ak-d.tripcdn.com/images/10030o000000f8ep71A15.jpg,0.0,0,,,"10.7807529, 106.6902377","23B Ngo Thoi Nhiem, Ward 6, Disc 3, Ho Chi Minh City 700000 Vietnam",4.0,"Mon to Thur,Sun：_06:30-23:00 _Fri to Sat：_06:30-00:00 "
DeciBel Cafe/Lounge,https://ak-d.tripcdn.com/images/100v060000001n6i97A42.jpg,0.0,0,,,"10.78934, 106.70004","79/2/5 Phan Ke Binh, W. Da Kao, District 1, Ho Chi Minh City 70,000 Vietnam",12.0,Mon to Sat：_07:30-00:00 
Acoustic Bar - Ngo Thoi Nhiem,https://ak-d.tripcdn.com/images/0100n12000okha75t7B9C.jpg,5.0,2,,,"10.7811947, 106.6899157","6 E1 Ngo Thoi Nhiem Street Ward 7, District 3, Ho Chi Minh City 70000 Vietnam",14.0,Mon to Sun：_19:00-00:00 
Non La Restaurant,https://ak-d.tripcdn.com/images/100b060000001m02fB3FA.jpg,0.0,0,,,"10.78921, 106.70035","19 Nguyen Dinh Chieu Str.,Dist.1, Ho Chi Minh City 70000, Vietnam",8.0,Mon to Sun：_11:00-23:00 
MON Restaurant & Bar,https://ak-d.tripcdn.com/images/fd/tg/g5/M01/BE/80/CggYsFc6phiANXiKAADoDwTuAR8257.jpg,0.0,0,,,"10.78056, 106.69871","34 Le Duan St. Dist 1, Ho Chi Minh City 70,000 Vietnam",49.0,Mon to Sun：_10:00-10:00 
The Bean Store,https://ak-d.tripcdn.com/images/100e060000001lzss1E8C.jpg,0.0,0,,,"10.7703334, 106.6846537","399 Vo Van Tan, District 3, Ho Chi Minh City, Vietnam, Ho Chi Minh City 70,000 Vietnam",2.0,Mon to Sun：_09:00-22:00 
Izakaya Matsuki 18A Thai Van Lung,https://ak-d.tripcdn.com/images/0103h12000o05lrk54F52.jpg,5.0,1,,,"10.780079, 106.703907","18 Thái Văn Lung, Bến Nghé, Quận 1, Thành phố Hồ Chí Minh, Vietnam",14.0,Mon to Sun：_17:00-02:00 
Au Parc,https://ak-d.tripcdn.com/images/100o0g0000007q6x3AC0F.jpg,4.0,7,,,"10.7787276, 106.6980638","p. q. 1, 23 Hàn Thuyên, Bến Nghé, Hồ Chí Minh",12.0,"Mon to Thur,Sun：_7:30-22:30 _Fri to Sat：_7:30-23:00 "
Bánh Xèo Ngọc Sơn,https://ak-d.tripcdn.com/images/0104y12000etvdxou0CD7.jpg,0.0,0,,,"10.7544526, 106.6663377","103 Đ. Ngô Quyền, Phường 11, Quận 5, Thành phố Hồ Chí Minh 700000, Vietnam",0,Mon to Sun：_9:00-21:00 
Canalis Club,https://ak-d.tripcdn.com/images/0102l12000chulihk932F.jpg,5.0,2,An immersive club with spectacular performances to light up your night,,"10.7873557, 106.6868219","264Bis - Nam Kì Khởi Nghĩa, Phường Võ Thị Sáu, Quận 3, Ho Chi Minh City, Vietnam",45.0,Mon：_21:00-03:00 _Tues to Sun：_20:00-03:00 
Black Vinegar,https://ak-d.tripcdn.com/images/0103j12000mlhxjql942A.jpg,5.0,1,,,"10.770925, 106.69504","76 Le Lai 1st Floor, Ho Chi Minh City 700000 Vietnam",14.0,Mon to Sun：_11:30-15:00 _17:30-22:30 
Sushi Kei Landmark 81,https://ak-d.tripcdn.com/images/0104l12000o05yyvvD8D5.jpg,5.0,1,,,"10.7948272, 106.7220371","772 Dien Bien Phu Basement 1, Vincom Center Landmark 81, Ward 22, Binh Thanh, Ho Chi Minh City 700000 Vietnam",16.0,"Mon to Thur,Sun：_10:00-22:00 _Fri to Sat：_09:30-22:00 "
Com Xiu,https://ak-d.tripcdn.com/images/10061g000001h97jg4BDF.jpg,4.0,1,,,"10.771297, 106.6906",,0,Mon to Sun：_11:00-21:30 
IPPUDO Le Thanh Ton Japanese Ramen Restaurant,https://ak-d.tripcdn.com/images/0103u12000nvkjhhmE1E7.jpg,5.0,1,,,"10.779907, 106.7034","17/5 Lê Thánh Tôn, Bến Nghé, Quận 1, Hồ Chí Minh 700000, Vietnam",10.0,Mon to Sun：_11:00-23:00 
The Melbourne Cafe Restaurant,https://ak-d.tripcdn.com/images/0101k120008eenu154839.jpg,4.0,1,,,"10.765634, 106.69068",,0,Mon to Fri：_06:00-22:00 _Sat：_07:00-22:00 _Sun：_08:00-22:00 
Arcan,https://ak-d.tripcdn.com/images/0102o12000d3964lgF199.jpg,5.0,1,,,"10.797805, 106.7082301","29/2H Đ. Điện Biên Phủ, Phường 17, Bình Thạnh, Thành phố Hồ Chí Minh 700000",8.0,Fri to Sat：_22:00-5:00 
The ATM Cocktail Bar & Kitchen,https://ak-d.tripcdn.com/images/0102e12000jg56kes3EB0.jpg,4.6,5,,,"10.79039, 106.70159","27/10 Nguyen Binh Khiem Dakao Ward, District 1, Ho Chi Minh City 700000 Vietnam",5.0,Mon to Thur：_17:00-00:00 _Fri to Sat：_17:00-01:00 _Sun：_Closed all day 
Com Ga Ba Ngan - Hoi An Chinh Goc,https://ak-d.tripcdn.com/images//100t15000000xopmd9890.jpg,4.0,1,,,"10.786062, 106.64493","11 Road No. 4 Near Vinmart, Ni Su Huynh Lien, Ho Chi Minh City 700000 Vietnam",2.0,Mon to Sun：_09:00-22:00 
The Hidden Elephant Books & Coffee,https://ak-d.tripcdn.com/images/0102c120006puj8pa5778.jpg,4.0,1,,,"10.772408, 106.6972096","35 Phan Chu Trinh | Floor 2, Ben Thanh Ward, District 1, Ho Chi Minh City 700000, Vietnam",0,
agataJapan.cafe,https://ak-d.tripcdn.com/images/100g0o000000f723zAFF1.jpg,0.0,0,,,"10.7924419, 106.6907725","19 Dang Dung | Tan Dinh Ward, Ho Chi Minh City, Vietnam",4.0,Mon to Sun：_10:00-19:00 
Karen's Cafe,https://ak-d.tripcdn.com/images/100c0n000000egzohA960.jpg,0.0,0,,,"10.77374, 106.69735","25 Thu Khoa Huan | Ground Floor/First Floor, Ho Chi Minh City, Vietnam",3.0,Mon to Sun：_07:00-23:00 
Dosh,https://ak-d.tripcdn.com/images/1A04180000013ef3k26CF.jpg,0.0,1,,,"10.774012, 106.704163","42 Nguyen Hue 3rd Floor, District 1, Ho Chi Minh City Vietnam",2.0,Mon to Sun：_9:00-22:00 
Luna Sushi,https://ak-d.tripcdn.com/images/100o0o000000f5qnfB2B9.jpg,0.0,0,,,"10.778776, 106.69038","14a Hoa My Da Kao, District 1, Ho Chi Minh City Vietnam",25.0,Mon to Fri：_10:30-15:00 _16:30-22:30 _Sat to Sun：_11:00-15:00 _16:30-23:00 
Banh da cua Di Ly,https://ak-d.tripcdn.com/images/100m0o000000ffu8r24FD.jpg,0.0,0,,,"10.77504, 106.70422","103 Dong Khoi Street District 1 Diagonally opposite Sheraton Hotel, Ho Chi Minh City Vietnam",11.0,Mon to Sun：_08:00-22:00 
Gringo Tacos y Cantina,https://ak-d.tripcdn.com/images/100n0n000000dzf25FC82.jpg,0.0,0,,,"10.768887, 106.69827","137 Calmette District 1, Ho Chi Minh City 700000 Vietnam",5.0,Mon to Sun：_11:00-22:00 
Cha Ca Dong Kinh Restaurant,https://ak-d.tripcdn.com/images/10020n000000e7dexC840.jpg,0.0,0,,,"10.769428, 106.7029","87 Nguyen Cong Tru Street P. Nguyen Thai Binh. District 1, Ho Chi Minh City Vietnam",8.0,Mon to Sun：_10:00-22:00 
ICHIBAN Japanese Hotpot Buffet,https://ak-d.tripcdn.com/images/100s0o000000fd4o7CBEE.jpg,0.0,0,,,"10.803675, 106.66495","14A Phan Dinh Giot Street, Ward 2, Tan BInh District, Ho Chi Minh, Vietnam, Ho Chi Minh City 700000 Vietnam",12.0,Mon to Sun：_11:00-14:00 _17:00-22:00 
Ngo Saigon Street Cafe Restaurant,https://ak-d.tripcdn.com/images/100t0g0000007q5po33CA.jpg,0.0,0,,,"10.78198, 106.70598","70-72 Le Thanh Ton Street, District 1 B3-19B, VINCOM Center Shopping Mall, Ho Chi Minh City 70000 Vietnam",4.0,Mon to Sun：_10:00-21:30 
Dailo's Kitchen and Bar,https://ak-d.tripcdn.com/images/10040n000000ec12i69D4.jpg,0.0,0,,,"10.779222, 106.7058","No. 6, Thai Van Lung | End of Nguyen Sieu, Ho Chi Minh City 70000, Vietnam",18.0,Mon to Sun：_09:00-00:00 
Phuc Long Coffee & Tea Express,https://ak-d.tripcdn.com/images/10010g0000007q82x2449.jpg,0.0,0,,,"10.7747135, 106.7043115","29 Ngo Duc Ke Q 1, Ho Chi Minh City 700000",1.0,Mon to Sun：_7:00-22:30 
Chewy Junior,https://ak-d.tripcdn.com/images/0106u1200098dzx8o6B36.jpg,4.0,1,,,"10.76717, 106.69446","34 Tran Hung Dao Street, Ho Chi Minh City, Vietnam",26.0,Mon：_07:00-17:00 
Rita Võ Cafe,https://ak-d.tripcdn.com/images/1002050000000l695170D.jpg,0.0,0,,,"10.7603402, 106.683306","211 Nguyen Van Cu District 1, Ho Chi Minh City 70,000 Vietnam",0,Mon to Sun：_7:00-23:00 
Inter Nos Dining & Grill Restaurant,https://ak-d.tripcdn.com/images/10040o000000f5jsp4F10.jpg,0.0,0,,,"10.805304, 106.73402","26 Le Van Mien | Thao Dien ward, District 2, Ho Chi Minh City 700000, Vietnam",23.0,Mon to Sun：_11:00-23:00 
Bookmark Restaurant,https://ak-d.tripcdn.com/images/100w060000001n6x0E6A4.jpg,4.0,2,,,"10.7955477, 106.6770165","133A Nguyen Dinh Chinh Phu Nhuan District, Ho Chi Minh City 700000 Vietnam",24.0,Mon to Sun：_06:00-22:00 
Plantrip Cha,https://ak-d.tripcdn.com/images/100r0o000000f4m7s16AC.jpg,0.0,0,,,"10.786808, 106.691444","88 Pham Ngoc Thach st. First Floor, Ho Chi Minh City 700000 Vietnam",3.0,Mon to Sat：_09:00-21:00 
Xien Xien Hot Pot Restaurant,https://ak-d.tripcdn.com/images/fd/tg/g5/M04/C4/23/CggYsVc6teOAQjHIAAFhhijmfcw722.jpg,0.0,0,,,"10.767222, 106.69053","59 Do Quang Dau Street District 1, Ho Chi Minh City 70000 Vietnam",2.0,Mon to Sun：_10:00-22:00 
Leng Keng Zone,https://ak-d.tripcdn.com/images/100d060000001n6vnCA8E.jpg,0.0,0,,,"10.7945845, 106.7089137","131 Xo Viet Nghe Tinh, Binh Thanh Dist, Ho Chi Minh City 70000, Vietnam",9.0,Mon to Sun：_11:00-23:30 
Mr. BBQ & SsAm,https://ak-d.tripcdn.com/images/100k060000001n6vnDB86.jpg,0.0,0,,,"10.724137, 106.71626","137 Ton Dat Tien, Ho Chi Minh City 84, Vietnam",6.0,Mon to Sun：_07:00-21:00 
Cafe Bar KESERA,https://ak-d.tripcdn.com/images/100e060000001n6ri25A1.jpg,0.0,0,,,"10.7803451, 106.7040564","26-1 Le Thang Tong, Ho Chi Minh City, Vietnam",4.0,Mon to Sat：_08:00-23:00 _Sun：_08:00-18:00 
Kabin,https://ak-d.tripcdn.com/images/0107112000mlhm82x991B.jpg,5.0,3,,,"10.7743695, 106.7062585","8-15 Ton Duc Thang Street, District 1 Renaissance Riverside Hotel Saigon, Ho Chi Minh City 70000 Vietnam",38.0,Mon to Sun：_11:30-14:30 _18:00-22:00 
Phuong Mai Vegetarian Restaurant,https://ak-d.tripcdn.com/images/100l0u000000iwj2z5B46.jpg,0.0,0,,,"10.789116, 106.69216","86F Vo Thi Sau Street Tan Dinh Ward, District 1, Ho Chi Minh City 700000 Vietnam",5.0,Mon to Sun：_09:00-22:00 
Acacia Veranda Dining,https://ak-d.tripcdn.com/images/100k060000001n5ldB779.jpg,0.0,0,,,"10.772406, 106.69301","149-151, Nguyen Du Ben Thanh Ward, District 1, Ho Chi Minh City 700000 Vietnam",12.0,Mon to Sun：_14:00-22:00 
Pendo 2,https://ak-d.tripcdn.com/images/100f060000001m03rAB77.jpg,0.0,0,,,"10.806483, 106.734505","36 Tong Huu Dinh St | District 2, Ho Chi Minh City 70000, Vietnam (formerly Pendolasco)",14.0,Mon to Sun：_10:00-22:00 
P'ti Saigon,https://ak-d.tripcdn.com/images/10051g000001hdgsl38E3.jpg,4.0,1,,,"10.804641, 106.735823","52 Ngô Quang Huy, Thảo Điền, Thành Phố Thủ Đức, Thành phố Hồ Chí Minh, Việt Nam",0,Mon to Sun：_11:00-14:30 _17:30-22:00 
Ca Phe Co Ba Dong Khoi,https://ak-d.tripcdn.com/images/0106a120008hoo1f615BB.jpg,4.0,2,,,"10.773405, 106.70609","2 Dong Khoi Floor 1, Ben Nghe Ward, Ho Chi Minh City 700000 Vietnam",1.0,Mon to Sun：_09:00-23:00 
Mumtaz Indian Restaurant,https://ak-d.tripcdn.com/images/10070g0000007q88f9CF5.jpg,3.0,3,,,"10.7661321, 106.6911116","226 Bui Vien, Pham Ngu Lao, District 1, Ho Chi Minh",6.0,Mon to Sun：_11:00-23:00 
3 Kute - Mi Suon Thao Moc,https://ak-d.tripcdn.com/images/100u0n000000ee6ov14DB.jpg,0.0,0,,,"10.78557, 106.64053","305, 3 Thang 2 Street, Ward 10, Dist.10 | Ward 10, Dist.10, Ho Chi Minh City 700000, Vietnam",1.0,Mon to Sun：_07:00-22:00 
The First Steakhouse & Winery,https://ak-d.tripcdn.com/images/100l0n000000eel8z0727.jpg,0.0,0,,,"10.771934, 106.69327","6/7 Cach Mang Thang 8 Ben Thanh, District 1, Ho Chi Minh City 700000 Vietnam",28.0,Mon to Sun：_10:00-22:00 
Uchi Sushi,https://ak-d.tripcdn.com/images/0100512000my9tc2o3E78.jpg,5.0,1,,,"10.757684, 106.70068","14, 45 Street | Ward 6, Dist 4, Ho Chi Minh City 700000, Vietnam",18.0,Mon to Sun：_11:00-22:00 
Rehab Station,https://ak-d.tripcdn.com/images/0ww1512000b6i6nl60F97.jpg,4.0,1,,,"10.78879, 106.70301","27/6 Nguyen Binh Khiem, Ho Chi Minh City 700000 Vietnam",96.0,"Mon to Thur,Sun：_16:00-00:00 _Fri to Sat：_16:00-02:00 "
Ba Nem -N.E.Food,https://ak-d.tripcdn.com/images/10070o000000fmuuq7010.jpg,0.0,0,,,"10.78277, 106.70559","23C Ton Duc Thang Ben Nghe Ward, District 1, Ho Chi Minh City 70,000 Vietnam",7.0,Mon to Sun：_11:00-23:00 
PJ's Coffee,https://ak-d.tripcdn.com/images/100u0o000000f6zqu1742.jpg,5.0,0,,,"10.768351, 106.69443","175/18 Pham Ngu Lao | District 1, Ho Chi Minh City 700000, Vietnam",7.0,Mon to Sun：_07:00-18:00 
The Crab Shack,https://ak-d.tripcdn.com/images/100m0o000000fg3arD9B3.jpg,5.0,0,,,"10.776195, 106.70467","54 Dong Du, Ho Chi Minh City Vietnam",26.0,Mon to Sun：_11:00-22:00 
Rbar,https://ak-d.tripcdn.com/images/100u0o000000f6vcmED31.jpg,5.0,0,,,"10.7747, 106.70626","8-15 Ton Duc Thang Street, District 1 | Renaissance Riverside Hotel Saigon, Ho Chi Minh City, Vietnam",44.0,Mon to Sun：_07:00-23:00 
The Crab Shack,https://ak-d.tripcdn.com/images/100g0o000000f77so1BF8.jpg,0.0,0,,,"10.79937, 106.68443","122 Phan Xich Long Ward 2, Phu Nhuan Dist., Ho Chi Minh City 700000 Vietnam",25.0,Mon to Sun：_11:00-14:00 _17:00-22:00 
"Nha hang am thuc ba mien "" Com Lanh Canh Ngot """,https://ak-d.tripcdn.com/images/100b0n000000e13frF1F6.jpg,0.0,0,,,"10.78233, 106.69205","290/15A, Nam Ky Khoi Nghia | Ward 8, District 3, Ho Chi Minh City, Vietnam",38.0,Mon to Sun：_10:00-22:00 
Mam Bac,https://ak-d.tripcdn.com/images/100v0n000000eoqqlDBE7.jpg,0.0,0,,,"10.75508, 106.72892","Ben Nghe Ward, Dist 1, Ho Chi Minh City 700000 Vietnam",3.0,Mon to Sun：_07:00-22:30 
Hungry Bunny,https://ak-d.tripcdn.com/images/100k0o000000facyrE450.jpg,0.0,0,,,"10.794757, 106.70909","1 Nguyen Cuu Van, Ward 17, Binh Thanh dist, Ho Chi Minh City 70000 Vietnam",5.0,Mon to Sun：_9:30-23:00 
Hokkaido Sachi NDC,https://ak-d.tripcdn.com/images/100r0o000000f54cj8313.jpg,0.0,0,,,"10.780448, 106.69186","172H-172Q Nguyen Dinh Chieu Street, Ward 6, District 3, Ho Chi Minh City 700000 Vietnam",25.0,Mon to Sun：_10:30-23:00 
Trekker Cafe,https://ak-d.tripcdn.com/images/10040o000000f558tA0AE.jpg,0.0,0,,,"10.790064, 106.699661","6D1 Phan Ke Binh Street, Dist 1, Ho Chi Minh City 700000 Vietnam",1.0,Mon to Sun：_08:00-00:00 
Mi Quang 3 Anh Em,https://ak-d.tripcdn.com/images//100615000000xsdsfC79B.jpg,4.0,1,,,"10.7699635, 106.7026522","20 Pasteur Nguyen Thai Binh, District 1, Ho Chi Minh City 700000 Vietnam",0,Mon to Sun：_6:00-21:00 
YUM - Thailand Hotpot and Grill Buffet,https://ak-d.tripcdn.com/images/10090g0000007pmnu919D.jpg,0.0,0,,,"10.774291, 106.698949","8B Nguyen Trung Truc Street, Dist 1, Ho Chi Minh City 700000 Vietnam",13.0,Mon to Sun：_10:30-22:00 
Orientea,https://ak-d.tripcdn.com/images/100u0o000000f6wrnA2AC.jpg,0.0,0,,,"10.773857, 106.70423","42 Nguyen Hue, District 1 7th Floor, Ho Chi Minh City Vietnam",2.0,Mon to Sun：_09:00-22:30 
Qui Cuisine Mixology,https://ak-d.tripcdn.com/images/0103012000chtyyei6759.jpg,5.0,1,,,"10.7808009, 106.7047002","22 LE THANH TON STREET, BEN NGHE WARD, DISTRICT 1, HCMC, VIETNAM.",50.0,Mon to Sun：_0:30-3:00 _17:30-23:59 
Crystal Jade Kitchen,https://ak-d.tripcdn.com/images/100m0g0000007pf4bBAE8.jpg,0.0,0,,,"10.7731883, 106.7009194","65 Le Loi Street L5-13 Saigon Centre, Ben Nghe Ward, District 1, Ho Chi Minh City Vietnam",0,Mon to Sun：_10:00-21:00 
Ya! Restaurant,https://ak-d.tripcdn.com/images/100h0o000000f7khr5603.jpg,0.0,0,,,"10.788936, 106.70192","5c5 Nguyen Inh Chieu Alley, Dakao Ward, District 1, Hcmc, Ho Chi Minh City 70000, Vietnam",17.0,Mon to Sun：_11:30-22:00 
Babel,https://ak-d.tripcdn.com/images/10070g0000007q0z047FC.jpg,0.0,0,,,"10.8016967, 106.733028","12 Quoc Huong street, Thao Dien Ward, District 2 | Thao Dien Pearl, Ho Chi Minh City 700000, Vietnam",0,Mon to Sun：_07:00-22:00 
Grill Riverside Restaurant,https://ak-d.tripcdn.com/images/100o0o000000f5ubz23BF.jpg,0.0,0,,,"10.793103, 106.68674","212/41 Nguyen Van Nguyen Street, Tan Dinh Ward, District 1, Ho Chi Minh City 700000 Vietnam",3.0,Mon to Sun：_16:00-23:00 
Gangnam BBQ,https://ak-d.tripcdn.com/images/10050g0000007ph2gF922.jpg,0.0,0,,,"10.732967, 106.70835","R2-48 Phan Khiem Ich, Hung Gia 2, Tan Phong Ward, District 7, Ho Chi Minh City, Ho Chi Minh City 700000 Vietnam",18.0,Mon to Fri：_11:00-14:00 _16:00-22:00 _Sat to Sun：_11:00-22:00 
Onha Hang Ngon (Asia House),https://ak-d.tripcdn.com/images/100c0g0000007qbzbD380.jpg,0.0,0,,,"10.7738323, 106.7034064","99 Nguyen Hue street, District 1 Ngon Restaurant, Ho Chi Minh City 70000 Vietnam",0,Mon to Sun：_10:00-23:00 
Chat Coffee Roasters & Bistro,https://ak-d.tripcdn.com/images/100p0g0000007pw1w2CAD.jpg,4.0,1,,,"10.7685984, 106.6977898","53/1 Le Thi Hong Gam street Nguyen Thai Binh Ward, District 01, Ho Chi Minh City 700000 Vietnam",0,Mon to Sun：_07:00-22:30 
Quan Bụi Lounge,https://ak-d.tripcdn.com/images/100l050000000lgjp17F1.jpg,0.0,0,,,"10.781303, 106.70606","28 Ngo Van Nam, Ben Nghe Ward, District 1 | Level 1, Ho Chi Minh City 70000, Vietnam",7.0,Mon to Sun：_07:00-02:00 
Cucuta Coffee,https://ak-d.tripcdn.com/images/10051g000001hbr830781.jpg,4.5,3,,,"10.789803, 106.697746","2D, Nguyen Thanh Y Street, Dakao Ward, District 1, Ho Chi Minh City 70000 Vietnam",9.0,Mon to Sun：_07:00-23:00 
Gummy,https://ak-d.tripcdn.com/images/100s060000001n6xaB0AF.jpg,0.0,0,,,"10.773252, 106.6997","1 Nguyen Trung Truc St., 3rd Floor District 1, Ho Chi Minh City 70000 Vietnam",4.0,Mon to Sat：_10:30-14:00 _16:00-21:00 
Bun Dau Co Khan,https://ak-d.tripcdn.com/images/100a0n000000ee90257C8.jpg,3.0,1,,,"10.7649024, 106.6910544","102/26 Cong Quynh, phuong Pham Ngu Lao, District 1, Ho Chi Minh City 70000 Vietnam",0,Mon to Sun：_10:00-22:00 
Banh Khot Co Ba Vung Tau,https://ak-d.tripcdn.com/images/100s060000001n6ixEFC8.jpg,0.0,0,,,"10.783051, 106.69632","40B Tran Cao Van Street, Ward 6, District 3 102 Cao Thang Street, Ward 4, District 3, Ho Chi Minh City 70000 Vietnam",0,Mon to Sun：_08:00-23:00 
Mo Mo Paradise,https://ak-d.tripcdn.com/images/fd/tg/g6/M05/DB/52/CggYs1c6pU6ADKIzAAL3ZBZtLSg462.jpg,0.0,0,,,"10.780371, 106.69551","96 Nguyen Thi Minh Khai, Ward 6, District 3, Ho Chi Minh City, Vietnam",17.0,Mon to Sun：_11:00-23:00 
Serenata Cafe,https://ak-d.tripcdn.com/images/fd/tg/g3/M04/71/CC/CggYG1YJEPyAddrBAADsXCN0Zgg444.jpg,5.0,8,,,"10.797524, 106.6686262","329 Nguyen Trong Tuyen St., Ward 10, Ho Chi Minh City",10.0,Mon to Sun：_7:30-22:30 
Tram Coffee,https://ak-d.tripcdn.com/images/100k0i000000977bcAD08.jpg,4.0,1,,,"10.796214, 106.678032","100 Tran Huy Lieu, Ho Chi Minh City 70000 Vietnam",4.0,Mon to Sun：_07:00-22:00 
The Loop,https://ak-d.tripcdn.com/images/100r060000001m03q8011.jpg,0.0,0,,,"10.805998, 106.735306","49 Thao Dien Road | Thao Dien Ward, District 2, Ho Chi Minh City 70000, Vietnam",16.0,Mon to Sun：_07:00-21:00 
Pho Binh,https://ak-d.tripcdn.com/images/10030g0000007q7ahF57E.jpg,0.0,0,,,"10.7908811, 106.6870918","7 Ly Chinh Thang St. | District 3, Ho Chi Minh City, Vietnam",2.0,Mon to Sun：_6:00-23:30 
La Phong Sushi House,https://ak-d.tripcdn.com/images/100e060000001m01456D1.jpg,0.0,0,,,"10.7847376, 106.6981292","9 Tran Cao Van, Ho Chi Minh City 70000 Vietnam",0,Mon to Sun：_11:30-22:00 
The Sushi Bar 1,https://ak-d.tripcdn.com/images/1003050000000s27o9D1A.jpg,0.0,0,,,"10.782321, 106.70615","179B Hai Ba Trung Ward 6, District 3, Ho Chi Minh City 700000 Vietnam",13.0,Mon to Sun：_11:00-23:30 
Kobe Teppanyaki Restaurant,https://ak-d.tripcdn.com/images/100w060000001m005B1A9.jpg,0.0,0,,,"10.78338, 106.689384","13A Tu Xuong, Ward 7, District 3, Ho Chi Minh City 08, Vietnam",61.0,Mon to Sun：_10:00-22:00 
Imotaro,https://ak-d.tripcdn.com/images/fd/tg/g6/M05/D1/9B/CggYslc6pmOAXlx_AAFyxtJWreI006.jpg,0.0,0,,,"10.781747, 106.705635","Le Thanh Ton Q1, Ho Chi Minh City 70000, Vietnam",14.0,Mon to Sun：_11:30-23:00 
Hoi An Vietnamese Restaurant,https://ak-d.tripcdn.com/images/100j060000001lzz56A0C.jpg,0.0,0,,,"10.781439, 106.7056659","11 Le Thanh Ton Street, Distrist. 1 | Dong Khoi and Ton Duc Thang area, Ho Chi Minh City 700000, Vietnam",15.0,
Sahraan Restaurants,https://ak-d.tripcdn.com/images/100b060000001lzvpF570.jpg,0.0,0,,,"10.771343, 106.696729","6 Truong Dinh Street, Ben Thanh Ward, District 1, Ho Chi Minh City 700000 Vietnam",0,Mon to Sun：_09:00-23:00 
241 Restaurant,https://ak-d.tripcdn.com/images/10020n000000e840f3923.jpg,0.0,0,,,"10.7667932, 106.6838989","45 Pham Viet Chanh, Nguyen Cu Trinh, Quan 1, Ho Chi Minh City 70000 Vietnam",0,Mon to Sun：_9:00-23:00 
Al Fresco's Mac Dinh Chi,https://ak-d.tripcdn.com/images/100u050000000s0sm0CAE.jpg,0.0,0,,,"10.784902, 106.6991563","21 Mac Dinh Chi | District 1, Ho Chi Minh City 70000, Vietnam",0,Mon to Sun：_10:00-22:00 
Orientica Seafood Restaurant and Bar,https://ak-d.tripcdn.com/images/100i060000001ifwy2618.jpg,0.0,0,,,"10.763298, 106.67893","Hotel Equatorial Ho Chi Minh City 242 Tran Binh Trong Street, Dist. 5, Ho Chi Minh City 70000 Vietnam",36.0,Tues to Fri：_11:30-14:30 _18:30-22:30 _Sat to Sun：_09:30-14:30 _18:30-22:30 
Merlion cháo ech Singapore,https://ak-d.tripcdn.com/images/1me2s224x8v65ayifB945.jpg,0.0,1,,,"10.7611373, 106.7058362",,0,Mon to Sun：_18:30-02:00 
Nhà Hàng Bê Vàng - Hải Sản Tươi Sống,https://ak-d.tripcdn.com/images/0105912000etvbkzo7B6E.jpg,0.0,0,,,"10.7608837, 106.683006","263 Đ. An Dương Vương, Phường 3, Quận 5, Thành phố Hồ Chí Minh, Vietnam",0,Mon to Sun：_10:00-22:00 
Co Tam Kitchen,https://ak-d.tripcdn.com/images/100a0n000000efmkj9F32.jpg,0.0,0,,,"10.7719649, 106.7037412","71 Ho Tung Mau St, District 1, Ho Chi Minh City, Ho Chi Minh City 70000 Vietnam",0,Mon to Sun：_10:00-23:00 
,https://ak-d.tripcdn.com/images/0105212000d1ettpaDEB1.jpg,0.0,0,,,"10.8042912, 106.6921603","Hẻm 8 Hoàng Hoa Thám, Phường 7, Bình Thạnh, Thành phố Hồ Chí Minh 700000, Vietnam",4.0,
Khoai,https://ak-d.tripcdn.com/images/0101s12000etvaisj8FF9.jpg,0.0,0,,,"10.7901961, 106.71188","89 Phạm Viết Chánh, Phường 19, Bình Thạnh, Thành phố Hồ Chí Minh 700000, Vietnam",0,"Mon to Thur,Sun：_17:00-01:00 _Fri to Sat：_17:00-03:00 "
LEGATO,https://ak-d.tripcdn.com/images/0103412000okhtxlr4E22.jpg,5.0,1,,,"10.7898451, 106.7126976","126 Pham Viet Chanh, Ho Chi Minh City 700000 Vietnam",20.0,Mon to Sat：_17:00-3:30 _Sun：_19:00-3:30 
Oslo Club,https://ak-d.tripcdn.com/images/0104i12000d39avrd731D.jpg,5.0,1,,,"10.769544, 106.701935","38 D. Nam K_ Kh_i Nghia, Phu_ng Nguy_n Thai Binh, Ho Chi Minh City 700000 Vietnam",12.0,Mon to Sat：_21:30-01:30 _Sun：_Closed all day 
Oasis Cafe,https://ak-d.tripcdn.com/images/0106a12000km0jfyt82EB.jpg,4.6,9,,,"10.81425, 106.68031","26/14 Phạm văn đồng, Wald 3, Go vap Dist. Gò Vấp, Thành phố Hồ Chí Minh 700000 Việt Nam",5.0,Mon to Sun：_07:00-23:00 
Du Bar,https://ak-d.tripcdn.com/images/0106z12000okhmh7j9B81.jpg,5.0,1,,,"10.7900833, 106.6960439","36Bis Huỳnh Khương Ninh, Đa Kao, Quận 1, Hồ Chí Minh 70000, Vietnam",21.0,Mon to Sun：_18:00-01:00 
Haidilao,https://ak-d.tripcdn.com/images/0101t1200082z20w1F57B.jpg,4.3,3,,,"10.7777, 106.70215",,0,
Tori Soba Mutahiro,https://ak-d.tripcdn.com/images/100t10000000pmbum1E86.jpg,4.0,2,,,"10.7793695, 106.7055262","8A / A1bis Thai Van Lung District 1, Ho Chi Minh City Vietnam",0,Mon to Sun：_11:00-14:00 _17:00-2:00 
Dac San Pho 79 Restaurant,https://ak-d.tripcdn.com/images/100f0n000000edp4s496C.jpg,4.0,0,,,"10.7714413, 106.6889478","79, Suong Nguyet Anh Street Ben Thanh Ward, District 1, Ho Chi Minh City Vietnam",0,Mon to Sun：_9:00-23:00 
Nha Hang Cu Dat,https://ak-d.tripcdn.com/images/10090n000000egn06F49F.jpg,0.0,0,,,"10.81153, 106.71427","647 Xo Viet Nghe Tinh | Ward 26, Binh Thanh District, Ho Chi Minh City, Vietnam",6.0,Mon to Sun：_10:00-22:00 
Dzo Street Food Bar,https://ak-d.tripcdn.com/images/10070n000000ehjooDABC.jpg,0.0,0,,,"10.7720411, 106.6962589","247 Le Thanh Ton Ben Thanh Ward, District 1, Ho Chi Minh City Vietnam",3.0,
Downtown Food,https://ak-d.tripcdn.com/images/100m0n000000enf4i8A9B.jpg,0.0,0,,,"10.7693032, 106.693347","04 Pham Ngu Lao Street, Pham Ngu Lao Ward, District 1 Lot H1-01 Basement 1, TTTM Sense Market, Ho Chi Minh City Vietnam",0,Mon to Sun：_10:00-22:00 
Banh Mi 362,https://ak-d.tripcdn.com/images/10020n000000elaob6F87.jpg,0.0,0,,,"10.7838695, 106.6974254","25 Tran Cao Van | Da Kao Ward, District 1, Ho Chi Minh City, Vietnam",0,Mon to Sun：_06:15-20:30 
Me Linh Cafe,https://ak-d.tripcdn.com/images/100q0o000000f7qivB517.jpg,0.0,1,,,"10.7752981, 106.7052088","3 Phan Van Dat Ben Nghe Ward, District 1, Ho Chi Minh City Vietnam",4.0,
Haidilao Hot Pot 海底捞火锅 Giga Mall,https://ak-d.tripcdn.com/images/1tx5912000ngazn0m04E1.jpg,0.0,0,,,"10.8283169, 106.7221278","TTTM Giga mall, 242 Phạm Văn Đồng, Hiệp Bình Chánh, Thủ Đức, Thành phố Hồ Chí Minh, Vietnam",0,Mon to Fri：_9:30-2:00 _Sat to Sun：_9:00-2:00 
Bánh Xèo Dì Tuyết,https://ak-d.tripcdn.com/images/0105l12000etvavio34AF.jpg,0.0,0,,,"10.7175619, 106.7300036","2S A1-6 Mỹ Viên, Tân Phú - PMH, Quận 7, Vietnam",0,Tues to Sun：_7:00-20:30 
The Enigma Mansion,https://ak-d.tripcdn.com/images/0106l12000dpq36kbD69E.jpg,5.0,1,,,"10.7810559, 106.7071445","5H Tôn Đức Thắng, Bến Nghé, Quận 1, Hồ Chí Minh 700000, Vietnam",25.0,Mon to Sun：_16:00-01:30 
Commas Saigon,https://ak-d.tripcdn.com/images/0101h12000d39h3437D7F.jpg,5.0,1,,,"10.769808, 106.701424","41-43 Đ. Nam Kỳ Khởi Nghĩa, P. Phú Thuận, Quận 1, Thành phố Hồ Chí Minh",4.0,"Mon to Wed：_Closed all day _Thur to Fri,Sun：_22:30-04:00 _Sat：_22:00-04:00 "
HAIR OF THE DOG SAI GON,https://ak-d.tripcdn.com/images/0101512000chtz2cq562A.jpg,5.0,1,,,"10.7666024, 106.6917804","194 BUI VIEN, DISTRICT 1, HO CHI MINH",5.0,Mon to Sun：_21:30-3:00 
Walao Club,https://ak-d.tripcdn.com/images/0100e12000chtz03z698C.jpg,5.0,1,,,"10.76756, 106.69765","170-172 Nguyen Thai Binh, Nguyen Thai Binh Ward, District 1, Ho Chi Minh city, VietNam",20.0,Tues to Sun：_17:00-02:00 
,https://ak-d.tripcdn.com/images/100q1f000001gpfta3D62.jpg,4.0,1,,,"10.7784151, 106.6983601","180 Pasteur, Bến Nghé, Quận 1, Thành phố Hồ Chí Minh 700000, Việt Nam",0,Mon to Sun：_10:30-22:30 
Lacof Coffee Shop,https://ak-d.tripcdn.com/images//100v15000000xtmuc3D0C.jpg,4.0,1,,,"10.763288, 106.69317","133 Co Bac Co Giang Ward, District 1, Ho Chi Minh City 700000 Vietnam",3.0,Mon to Sun：_07:00-21:00 
Kimbap Corner,https://ak-d.tripcdn.com/images/100f0o000000f5oetE473.jpg,0.0,0,,,"10.826, 106.68028","4 Pham Ngu Lao Street | District 1, Ho Chi Minh City 700000, Vietnam",2.0,Mon to Sun：_11:00-22:00 
Miggy's Ice Cream,https://ak-d.tripcdn.com/images/100b0n000000egtnuA8E1.jpg,0.0,0,,,"10.8084549, 106.6752387","152 Hong Ha St., Phu Nhuan District, Ho Chi Minh City 70000, Vietnam",4.0,
James Coffee & Shop,https://ak-d.tripcdn.com/images/100t0n000000dzkv46880.jpg,0.0,0,,,"10.769915, 106.697319","11 Tran Hung Dao strees, Nguyen Thai Binh, Dist 1 | Nguyen Thai Binh, Dist 1, Ho Chi Minh City 70000, Vietnam",1.0,Mon to Sun：_00:00-23:59 
"Coffee, Ice Dream 24",https://ak-d.tripcdn.com/images/100c1g000001h818uDF3B.jpg,4.0,1,,,"10.77441, 106.705208","24 Ho Huan Nghiep Street, Ben Nghe Ward, District 1 Opposite Grand Hotel, Ho Chi Minh City Vietnam",0,
Golden Jade,https://ak-d.tripcdn.com/images/100v0g0000007phntE4ED.jpg,0.0,0,,,"10.7298268, 106.7042793","1058, Dai lo Nguyen Van Linh, P. Tan Phong, Quan 7, TP, Ho Chi Minh City Vietnam",0,Mon to Sat：_10:00-21:00 _Sun：_9:00-21:00 
Crazy Panda Shaved Snow & Dessert Cafe,https://ak-d.tripcdn.com/images/10070g0000007pvrf858C.jpg,0.0,0,,,"10.775773, 106.66709","545 Su Van Hanh, Ward 13, District 10, Ho Chi Minh City 70000, Vietnam",3.0,Mon to Sun：_10:00-22:00 
Stir Crazy Mongolian Grill/BBQ,https://ak-d.tripcdn.com/images/100p0g0000007pag3D9D7.jpg,4.0,1,,,"10.838573, 106.65026","890 Quang Trung Street, Ward 8, Go Vap District, Ho Chi Minh City 70000 Vietnam",7.0,Mon to Sun：_10:00-23:00 
Di Mai Restaurant,https://ak-d.tripcdn.com/images/0106y12000etuugds3FCB.jpg,0.0,0,,,"10.768882, 106.6971483","136 -138 Le Thi Hong Gam District 1, Ho Chi Minh City 700000 Vietnam",0,Mon to Sun：_08:00-22:00 
Sushi REI,https://ak-d.tripcdn.com/images/10040n000000ec17b1847.jpg,0.0,0,,,"10.789279, 106.70222","10E1, Nguyen Thi Minh Khai District1, Ho Chi Minh City 70000, Vietnam",0,Tues to Sun：_17:30-23:00 
Okome Sushi Bar,https://ak-d.tripcdn.com/images/100t0g0000007q4t065B9.jpg,0.0,0,,,"10.789309, 106.70068","11B Nguyen Dinh Chieu, Dakao Ward, District 1, Ho Chi Minh City 70000 Vietnam",0,"Mon,Wed to Sun：_11:00-14:00 _17:00-21:30 "
Cuba La Casa Del Mojito,https://ak-d.tripcdn.com/images/10090n000000ef6dk6644.jpg,0.0,0,,,"10.777078, 106.69952","91 Pasteur, District 1, Ho Chi Minh City 70000 Vietnam",30.0,
ID cafe,https://ak-d.tripcdn.com/images/0106912000847fmteA425.jpg,4.0,1,,,"10.7773538, 106.683322","61B Tu Xuong Street District 3, Ho Chi Minh City 70000 Vietnam",0,Mon to Sun：_08:00-22:00 
En Tea House & Restaurant,https://ak-d.tripcdn.com/images//100515000000xr7070592.jpg,4.0,1,,,"10.776105, 106.68283","308-308c Dien Bien Phu Floor G, Robot Tower, Ward 4, District 3, Ho Chi Minh City 700000 Vietnam",16.0,
The Homes - coffee and folk drinks,https://ak-d.tripcdn.com/images/10070o000000fmtyjB0E4.jpg,0.0,0,,,"10.804896, 106.696686","23 Nguyen An Ninh Dist. Binh Thanh, Ho Chi Minh City 94 Vietnam",0,Mon to Sun：_07:00-22:00 
